"","location","type.name","player.name","shot.outcome.name"
"1","103, 21","Shot","Yasir Gharsan Al Shahrani","Blocked"
"2","111, 52","Shot","Aleksandr Samedov","Blocked"
"3","107, 26","Shot","Yuri Zhirkov","Blocked"
"4","106, 49","Shot","Alan Dzagoev","Blocked"
"5","112, 47","Shot","Yury Gazinskiy","Goal"
"6","103, 29","Shot","Mohammad Ibrahim Al Sahlawi","Blocked"
"7","92, 39","Shot","Salem Mohammed Al Dawsari","Off T"
"8","110, 42","Shot","Yasir Gharsan Al Shahrani","Off T"
"9","110, 34","Shot","Denis Cheryshev","Goal"
"10","97, 50","Shot","Aleksandr Samedov","Off T"
"11","108, 24","Shot","Denis Cheryshev","Blocked"
"12","107, 39","Shot","Denis Cheryshev","Saved"
"13","104, 56","Shot","Roman Zobnin","Saved"
"14","115, 37","Shot","Artem Dzyuba","Goal"
"15","97, 25","Shot","Salem Mohammed Al Dawsari","Off T"
"16","110, 42","Shot","Roman Zobnin","Off T"
"17","104, 57","Shot","Hattan Babhir","Blocked"
"18","86, 38","Shot","Daler Kuzyaev","Off T"
"19","104, 23","Shot","Denis Cheryshev","Goal"
"20","99, 52","Shot","Aleksandr Golovin","Goal"
"21","89, 40","Shot","Alex Iwobi","Blocked"
"22","99, 46","Shot","Ivan Perišić","Off T"
"23","86, 35","Shot","Andrej Kramarić","Off T"
"24","109, 59","Shot","Odion Jude Ighalo","Blocked"
"25","93, 41","Shot","Oghenekaro Etebo","Off T"
"26","101, 23","Shot","Ante Rebić","Blocked"
"27","113, 41","Shot","Mario Mandžukić","Blocked"
"28","106, 33","Shot","Odion Jude Ighalo","Blocked"
"29","107, 37","Shot","Andrej Kramarić","Off T"
"30","104, 59","Shot","Šime Vrsaljko","Off T"
"31","104, 31","Shot","Alex Iwobi","Blocked"
"32","91, 47","Shot","Victor Moses","Off T"
"33","108, 57","Shot","Victor Moses","Off T"
"34","88, 41","Shot","Ivan Rakitić","Off T"
"35","112, 21","Shot","Alex Iwobi","Blocked"
"36","108, 34","Shot","Odion Jude Ighalo","Saved"
"37","112, 44","Shot","Mario Mandžukić","Off T"
"38","109, 41","Shot","Luka Modrić","Goal"
"39","108, 46","Shot","Dejan Lovren","Blocked"
"40","108, 52","Shot","Kelechi Promise Iheanacho","Off T"
"41","106, 40","Shot","Leon-Aderemi Balogun","Saved"
"42","86, 29","Shot","Oghenekaro Etebo","Off T"
"43","108, 49","Shot","Victor Moses","Blocked"
"44","111, 52","Shot","Mateo Kovačić","Saved"
"45","114, 56","Shot","Kylian Mbappé Lottin","Saved"
"46","94, 28","Shot","Paul Pogba","Saved"
"47","95, 43","Shot","Antoine Griezmann","Saved"
"48","109, 31","Shot","Antoine Griezmann","Blocked"
"49","110, 34","Shot","Mathew Leckie","Off T"
"50","105, 32","Shot","Mathew Leckie","Saved"
"51","109, 26","Shot","Lucas Hernández Pi","Blocked"
"52","101, 21","Shot","Aziz Eraltay Behich","Off T"
"53","108, 40","Shot","Antoine Griezmann","Goal"
"54","104, 37","Shot","Antoine Griezmann","Blocked"
"55","104, 43","Shot","Antoine Griezmann","Off T"
"56","109, 41","Shot","Mile Jedinak","Goal"
"57","86, 30","Shot","Samuel Yves Umtiti","Blocked"
"58","95, 42","Shot","Benjamin Pavard","Off T"
"59","100, 31","Shot","Lucas Hernández Pi","Off T"
"60","100, 63","Shot","Nabil Fekir","Blocked"
"61","97, 47","Shot","Josh Risdon","Blocked"
"62","96, 53","Shot","Gylfi Þór Sigurðsson","Off T"
"63","111, 43","Shot","Nicolás Hernán Otamendi","Off T"
"64","105, 45","Shot","Nicolás Alejandro Tagliafico","Off T"
"65","115, 57","Shot","Alfreð Finnbogason","Off T"
"66","100, 54","Shot","Johann Berg Guðmunds­son","Blocked"
"67","107, 32","Shot","Birkir Bjarnason","Off T"
"68","86, 50","Shot","Nicolás Hernán Otamendi","Off T"
"69","97, 49","Shot","Lionel Andrés Messi Cuccittini","Saved"
"70","90, 23","Shot","Faustino Marcos Alberto Rojo","Blocked"
"71","106, 37","Shot","Sergio Leonel Agüero del Castillo","Goal"
"72","96, 26","Shot","Lionel Andrés Messi Cuccittini","Saved"
"73","114, 40","Shot","Alfreð Finnbogason","Wayward"
"74","113, 39","Shot","Alfreð Finnbogason","Goal"
"75","111, 34","Shot","Nicolás Alejandro Tagliafico","Blocked"
"76","109, 35","Shot","Nicolás Hernán Otamendi","Saved"
"77","95, 31","Shot","Lucas Rodrigo Biglia","Off T"
"78","111, 22","Shot","Lionel Andrés Messi Cuccittini","Blocked"
"79","116, 48","Shot","Lucas Rodrigo Biglia","Off T"
"80","111, 26","Shot","Gylfi Þór Sigurðsson","Saved"
"81","102, 29","Shot","Gylfi Þór Sigurðsson","Off T"
"82","113, 44","Shot","Nicolás Hernán Otamendi","Off T"
"83","118, 24","Shot","Gylfi Þór Sigurðsson","Blocked"
"84","111, 49","Shot","Sergio Leonel Agüero del Castillo","Blocked"
"85","107, 55","Shot","Sergio Leonel Agüero del Castillo","Blocked"
"86","101, 37","Shot","Éver Maximiliano David Banega","Blocked"
"87","109, 41","Shot","Lionel Andrés Messi Cuccittini","Saved"
"88","105, 58","Shot","Lionel Andrés Messi Cuccittini","Blocked"
"89","92, 58","Shot","Lionel Andrés Messi Cuccittini","Off T"
"90","100, 53","Shot","Eduardo Antonio Salvio","Blocked"
"91","97, 20","Shot","Éver Maximiliano David Banega","Saved"
"92","92, 61","Shot","Lionel Andrés Messi Cuccittini","Blocked"
"93","97, 44","Shot","Lionel Andrés Messi Cuccittini","Off T"
"94","100, 27","Shot","Cristian David Pavón","Blocked"
"95","98, 44","Shot","Lionel Andrés Messi Cuccittini","Blocked"
"96","95, 55","Shot","Javier Alejandro Mascherano","Saved"
"97","105, 52","Shot","Lionel Andrés Messi Cuccittini","Off T"
"98","90, 36","Shot","Lionel Andrés Messi Cuccittini","Blocked"
"99","87, 57","Shot","Luis Jan Piers Advíncula Castrillón","Off T"
"100","84, 24","Shot","Víctor Yoshimar Yotún Flores","Saved"
"101","87, 41","Shot","Édison Michael Flores Peralta","Off T"
"102","103, 58","Shot","André Martín Carrillo Díaz","Saved"
"103","86, 43","Shot","Renato Fabrizio Tapia Cortijo","Blocked"
"104","107, 37","Shot","Alberto Junior Rodríguez Valdelomar","Wayward"
"105","113, 26","Shot","Pione Sisto Ifolo Emirmija","Blocked"
"106","88, 36","Shot","Thomas Delaney","Off T"
"107","108, 51","Shot","Jefferson Agustín Farfán Guadalupe","Blocked"
"108","100, 52","Shot","Christian Dannemann Eriksen","Blocked"
"109","94, 43","Shot","Lasse Schöne","Saved"
"110","102, 24","Shot","Thomas Delaney","Off T"
"111","108, 40","Shot","Christian Alberto Cueva Bravo","Off T"
"112","115, 45","Shot","Yussuf Yurary Poulsen","Off T"
"113","110, 60","Shot","Jefferson Agustín Farfán Guadalupe","Blocked"
"114","90, 36","Shot","Jens Stryger Larsen","Off T"
"115","103, 59","Shot","Christian Dannemann Eriksen","Off T"
"116","114, 50","Shot","Édison Michael Flores Peralta","Off T"
"117","108, 28","Shot","Yussuf Yurary Poulsen","Goal"
"118","108, 29","Shot","Édison Michael Flores Peralta","Saved"
"119","113, 41","Shot","José Paolo Guerrero González","Saved"
"120","113, 50","Shot","Alberto Junior Rodríguez Valdelomar","Off T"
"121","109, 59","Shot","Luis Jan Piers Advíncula Castrillón","Saved"
"122","112, 40","Shot","José Paolo Guerrero González","Off T"
"123","104, 49","Shot","Nicolai Jørgensen","Blocked"
"124","108, 43","Shot","Jefferson Agustín Farfán Guadalupe","Saved"
"125","105, 32","Shot","Christian Dannemann Eriksen","Saved"
"126","112, 41","Shot","José Paolo Guerrero González","Wayward"
"127","109, 44","Shot","Blerim Džemaili","Off T"
"128","115, 36","Shot","José Paulo Bezzera Maciel Júnior","Off T"
"129","91, 35","Shot","Neymar da Silva Santos Junior","Blocked"
"130","99, 21","Shot","Philippe Coutinho Correia","Goal"
"131","115, 57","Shot","Stephan Lichtsteiner","Wayward"
"132","116, 44","Shot","Gabriel Fernando de Jesus","Wayward"
"133","105, 26","Shot","Steven Zuber","Blocked"
"134","116, 32","Shot","Thiago Emiliano da Silva","Off T"
"135","88, 23","Shot","Blerim Džemaili","Off T"
"136","116, 41","Shot","Steven Zuber","Goal"
"137","97, 33","Shot","Philippe Coutinho Correia","Blocked"
"138","104, 36","Shot","Philippe Coutinho Correia","Blocked"
"139","116, 30","Shot","Neymar da Silva Santos Junior","Blocked"
"140","110, 43","Shot","Thiago Emiliano da Silva","Wayward"
"141","89, 36","Shot","Carlos Henrique Casimiro","Off T"
"142","94, 41","Shot","Fernando Luiz Rosa","Blocked"
"143","101, 51","Shot","Willian Borges da Silva","Blocked"
"144","100, 57","Shot","Willian Borges da Silva","Off T"
"145","108, 32","Shot","Philippe Coutinho Correia","Off T"
"146","100, 42","Shot","Blerim Džemaili","Saved"
"147","92, 52","Shot","Fernando Luiz Rosa","Off T"
"148","96, 21","Shot","Neymar da Silva Santos Junior","Saved"
"149","114, 54","Shot","Roberto Firmino Barbosa de Oliveira","Off T"
"150","109, 38","Shot","Neymar da Silva Santos Junior","Saved"
"151","99, 51","Shot","Xherdan Shaqiri","Off T"
"152","112, 40","Shot","Roberto Firmino Barbosa de Oliveira","Saved"
"153","105, 40","Shot","João Miranda de Souza Filho","Off T"
"154","115, 32","Shot","Renato Soares de Oliveira Augusto","Blocked"
"155","111, 29","Shot","Hirving Rodrigo Lozano Bahena","Blocked"
"156","114, 54","Shot","Timo Werner","Off T"
"157","103, 41","Shot","Mats Hummels","Saved"
"158","95, 38","Shot","Miguel Arturo Layún Prado","Off T"
"159","91, 40","Shot","Héctor Miguel Herrera López","Saved"
"160","110, 39","Shot","Héctor Alfredo Moreno Herrera","Saved"
"161","94, 28","Shot","Julian Draxler","Saved"
"162","87, 23","Shot","Toni Kroos","Blocked"
"163","105, 46","Shot","Timo Werner","Saved"
"164","97, 27","Shot","Toni Kroos","Saved"
"165","100, 31","Shot","Javier Hernández Balcázar","Blocked"
"166","95, 39","Shot","Miguel Arturo Layún Prado","Off T"
"167","97, 34","Shot","Miguel Arturo Layún Prado","Saved"
"168","109, 32","Shot","Hirving Rodrigo Lozano Bahena","Goal"
"169","107, 50","Shot","Sami Khedira","Blocked"
"170","95, 49","Shot","Toni Kroos","Saved"
"171","102, 32","Shot","Carlos Alberto Vela Garrido","Off T"
"172","95, 30","Shot","Marvin Plattenhardt","Saved"
"173","93, 40","Shot","Joshua Kimmich","Off T"
"174","105, 25","Shot","Julian Draxler","Blocked"
"175","102, 36","Shot","Toni Kroos","Blocked"
"176","102, 29","Shot","José Andrés Guardado Hernández","Off T"
"177","99, 31","Shot","Julian Draxler","Blocked"
"178","109, 41","Shot","Joshua Kimmich","Off T"
"179","104, 31","Shot","Julian Draxler","Off T"
"180","114, 34","Shot","Timo Werner","Off T"
"181","114, 58","Shot","Marco Reus","Off T"
"182","100, 49","Shot","Toni Kroos","Off T"
"183","106, 40","Shot","Julian Draxler","Blocked"
"184","97, 48","Shot","Miguel Arturo Layún Prado","Off T"
"185","99, 52","Shot","Mesut Özil","Blocked"
"186","101, 54","Shot","Miguel Arturo Layún Prado","Off T"
"187","99, 33","Shot","Toni Kroos","Saved"
"188","113, 35","Shot","Mario Gómez García","Blocked"
"189","113, 40","Shot","Mario Gómez García","Off T"
"190","117, 39","Shot","Mario Gómez García","Saved"
"191","96, 31","Shot","Julian Brandt","Off T"
"192","95, 59","Shot","Jérôme Boateng","Saved"
"193","112, 42","Shot","Aleksandar Mitrović","Blocked"
"194","119, 52","Shot","Marcos Danilo Ureña Porras","Saved"
"195","112, 45","Shot","Giancarlo González Castro","Saved"
"196","93, 20","Shot","Aleksandar Kolarov","Off T"
"197","116, 48","Shot","Giancarlo González Castro","Off T"
"198","104, 53","Shot","Aleksandar Mitrović","Blocked"
"199","116, 32","Shot","Aleksandar Mitrović","Wayward"
"200","96, 42","Shot","Marcos Danilo Ureña Porras","Off T"
"201","101, 29","Shot","Francisco Javier Calvo Quesada","Off T"
"202","109, 39","Shot","Aleksandar Mitrović","Saved"
"203","114, 41","Shot","Aleksandar Mitrović","Off T"
"204","94, 59","Shot","Aleksandar Kolarov","Goal"
"205","109, 45","Shot","Sergej Milinković-Savić","Off T"
"206","94, 37","Shot","Sergej Milinković-Savić","Off T"
"207","118, 42","Shot","Filip Kostić","Wayward"
"208","100, 36","Shot","Nemanja Matić","Blocked"
"209","102, 57","Shot","Joel Nathaniel Campbell Samuels","Blocked"
"210","100, 43","Shot","Celso Borges Mora","Blocked"
"211","101, 30","Shot","Filip Kostić","Off T"
"212","79, 33","Shot","Cristian Gamboa Luna","Saved"
"213","112, 31","Shot","Óscar Esau Duarte Gaitán","Blocked"
"214","106, 42","Shot","Bryan Ruiz González","Blocked"
"215","113, 34","Shot","Romelu Lukaku Menama","Off T"
"216","96, 51","Shot","Edgar Yoel Bárcenas Herrera","Wayward"
"217","104, 24","Shot","Yannick Ferreira Carrasco","Saved"
"218","104, 54","Shot","Dries Mertens","Saved"
"219","118, 30","Shot","Eden Hazard","Off T"
"220","110, 57","Shot","Dries Mertens","Off T"
"221","98, 22","Shot","Kevin De Bruyne","Off T"
"222","103, 56","Shot","Eden Hazard","Off T"
"223","109, 54","Shot","Eden Hazard","Saved"
"224","104, 37","Shot","Román Aureliano Torres Morcillo","Wayward"
"225","103, 50","Shot","Dries Mertens","Off T"
"226","92, 53","Shot","Armando Enrique Cooper Whitaker","Off T"
"227","105, 59","Shot","Dries Mertens","Goal"
"228","97, 26","Shot","Kevin De Bruyne","Off T"
"229","111, 49","Shot","Michael Amir Murillo Bermudez","Saved"
"230","111, 38","Shot","Román Aureliano Torres Morcillo","Off T"
"231","99, 33","Shot","Edgar Yoel Bárcenas Herrera","Off T"
"232","94, 37","Shot","Kevin De Bruyne","Blocked"
"233","114, 43","Shot","Romelu Lukaku Menama","Goal"
"234","110, 29","Shot","Romelu Lukaku Menama","Goal"
"235","95, 29","Shot","Eden Hazard","Blocked"
"236","96, 19","Shot","Fidel Escobar Mendieta","Saved"
"237","113, 39","Shot","Jesse Lingard","Saved"
"238","108, 41","Shot","Harry Maguire","Off T"
"239","97, 36","Shot","Harry Kane","Blocked"
"240","112, 47","Shot","John Stones","Saved"
"241","116, 46","Shot","Harry Kane","Goal"
"242","94, 48","Shot","Jordan Brian Henderson","Saved"
"243","91, 21","Shot","Naïm Sliti","Off T"
"244","116, 50","Shot","Jesse Lingard","Off T"
"245","98, 46","Shot","Ferjani Sassi","Blocked"
"246","108, 36","Shot","Fakhreddine Ben Youssef","Wayward"
"247","111, 58","Shot","Harry Maguire","Saved"
"248","108, 40","Shot","Ferjani Sassi","Goal"
"249","118, 47","Shot","Bamidele Alli","Blocked"
"250","117, 37","Shot","Raheem Shaquille Sterling","Wayward"
"251","114, 39","Shot","John Stones","Wayward"
"252","106, 41","Shot","Jesse Lingard","Blocked"
"253","108, 54","Shot","Jesse Lingard","Post"
"254","112, 40","Shot","Bamidele Alli","Saved"
"255","106, 40","Shot","John Stones","Wayward"
"256","93, 27","Shot","Kieran Trippier","Off T"
"257","106, 60","Shot","Wahbi Khazri","Blocked"
"258","93, 43","Shot","Naïm Sliti","Off T"
"259","96, 34","Shot","Ashley Young","Off T"
"260","116, 36","Shot","Harry Kane","Goal"
"261","85, 51","Shot","Mikael Lustig","Blocked"
"262","113, 38","Shot","Marcus Berg","Saved"
"263","109, 39","Shot","Pontus Jansson","Off T"
"264","111, 32","Shot","Andreas Granqvist","Blocked"
"265","112, 34","Shot","Marcus Berg","Blocked"
"266","106, 56","Shot","Jae-Sung Lee","Blocked"
"267","90, 24","Shot","Emil Forsberg","Blocked"
"268","118, 29","Shot","Marcus Berg","Wayward"
"269","94, 29","Shot","Emil Forsberg","Blocked"
"270","104, 28","Shot","Andreas Granqvist","Saved"
"271","111, 38","Shot","Viktor Claesson","Blocked"
"272","99, 37","Shot","Emil Forsberg","Off T"
"273","107, 30","Shot","Ja-Cheol Koo","Off T"
"274","113, 37","Shot","Ola Toivonen","Saved"
"275","97, 25","Shot","Min-Woo Kim","Blocked"
"276","109, 41","Shot","Andreas Granqvist","Goal"
"277","83, 47","Shot","Sebastian Larsson","Blocked"
"278","98, 33","Shot","Emil Forsberg","Blocked"
"279","99, 48","Shot","Viktor Claesson","Wayward"
"280","100, 56","Shot","Seung-Woo Lee","Blocked"
"281","110, 38","Shot","Hee-Chan Hwang","Off T"
"282","84, 34","Shot","Salif Sané","Off T"
"283","95, 35","Shot","Piotr Zieliński","Blocked"
"284","111, 49","Shot","Kamil Grosicki","Off T"
"285","101, 46","Shot","Robert Lewandowski","Off T"
"286","99, 48","Shot","Idrissa Gana Gueye","Blocked"
"287","114, 43","Shot","Salif Sané","Off T"
"288","98, 62","Shot","Idrissa Gana Gueye","Blocked"
"289","96, 47","Shot","Robert Lewandowski","Saved"
"290","109, 35","Shot","Sadio Mané","Blocked"
"291","108, 40","Shot","Mame Biram Diouf","Wayward"
"292","113, 53","Shot","Łukasz Piszczek","Off T"
"293","113, 40","Shot","M""Baye Babacar Niang","Goal"
"294","92, 46","Shot","Kamil Grosicki","Blocked"
"295","116, 46","Shot","Arkadiusz Milik","Off T"
"296","111, 45","Shot","Dawid Kownacki","Saved"
"297","114, 39","Shot","Grzegorz Krychowiak","Goal"
"298","88, 38","Shot","Kamil Grosicki","Wayward"
"299","100, 22","Shot","Roman Zobnin","Blocked"
"300","110, 38","Shot","Sergei Ignashevich","Saved"
"301","96, 37","Shot","Aleksandr Golovin","Off T"
"302","99, 48","Shot","Denis Cheryshev","Blocked"
"303","116, 33","Shot","Marwan Mohsen","Blocked"
"304","105, 24","Shot","Mahmoud Ibrahim Hassan","Off T"
"305","92, 34","Shot","Denis Cheryshev","Off T"
"306","89, 32","Shot","Yury Gazinskiy","Off T"
"307","99, 28","Shot","Mahmoud Ibrahim Hassan","Blocked"
"308","117, 25","Shot","Marwan Mohsen","Wayward"
"309","113, 34","Shot","Marwan Mohsen","Off T"
"310","90, 39","Shot","Denis Cheryshev","Wayward"
"311","107, 41","Shot","Marwan Mohsen","Saved"
"312","113, 47","Shot","Artem Dzyuba","Off T"
"313","104, 46","Shot","Mohamed Salah","Off T"
"314","97, 55","Shot","Roman Zobnin","Blocked"
"315","107, 33","Shot","Mohamed Salah","Blocked"
"316","111, 47","Shot","Denis Cheryshev","Goal"
"317","108, 44","Shot","Artem Dzyuba","Goal"
"318","107, 49","Shot","Ali Gabr","Off T"
"319","101, 40","Shot","Mahmoud Ibrahim Hassan","Off T"
"320","90, 34","Shot","Abdalla Mahmoud El Said Bekhit","Off T"
"321","108, 40","Shot","Mohamed Salah","Goal"
"322","117, 34","Shot","Sergei Ignashevich","Saved"
"323","102, 38","Shot","Mohamed Salah","Blocked"
"324","102, 59","Shot","Amr Medhat Warda","Off T"
"325","93, 50","Shot","Tarek Hamed","Blocked"
"326","104, 48","Shot","Yūya Ōsako","Saved"
"327","103, 39","Shot","Shinji Kagawa","Blocked"
"328","108, 40","Shot","Shinji Kagawa","Goal"
"329","112, 43","Shot","Radamel Falcao García Zárate","Saved"
"330","108, 30","Shot","Takashi Inui","Off T"
"331","93, 49","Shot","Juan Fernando Quintero Paniagua","Blocked"
"332","110, 34","Shot","Oscar Fabián Murillo Murillo","Wayward"
"333","101, 60","Shot","Juan Guillermo Cuadrado Bello","Blocked"
"334","112, 26","Shot","Yūya Ōsako","Wayward"
"335","109, 45","Shot","Radamel Falcao García Zárate","Saved"
"336","100, 60","Shot","Juan Fernando Quintero Paniagua","Goal"
"337","117, 30","Shot","Yūya Ōsako","Saved"
"338","106, 28","Shot","Takashi Inui","Saved"
"339","113, 39","Shot","Maya Yoshida","Off T"
"340","110, 57","Shot","Hiroki Sakai","Off T"
"341","105, 25","Shot","Takashi Inui","Blocked"
"342","96, 60","Shot","Keisuke Honda","Saved"
"343","114, 49","Shot","Hiroki Sakai","Blocked"
"344","117, 39","Shot","Yūya Ōsako","Goal"
"345","112, 54","Shot","James David Rodríguez Rubio","Blocked"
"346","113, 47","Shot","Jefferson Andrés Lerma Solís","Wayward"
"347","109, 31","Shot","Carlos Arturo Bacca Ahumada","Blocked"
"348","111, 42","Shot","Oscar Fabián Murillo Murillo","Wayward"
"349","108, 43","Shot","Yūya Ōsako","Wayward"
"350","109, 30","Shot","Khalid Boutaïb","Off T"
"351","91, 39","Shot","Raphaël Adelino José Guerreiro","Blocked"
"352","115, 41","Shot","Cristiano Ronaldo dos Santos Aveiro","Goal"
"353","108, 56","Shot","Cristiano Ronaldo dos Santos Aveiro","Off T"
"354","114, 33","Shot","Medhi Amine El Mouttaqi Benatia","Saved"
"355","109, 45","Shot","Manuel Marouan da Costa Trinidade","Off T"
"356","109, 26","Shot","Hakim Ziyech","Blocked"
"357","92, 25","Shot","Hakim Ziyech","Saved"
"358","108, 44","Shot","Khalid Boutaïb","Wayward"
"359","100, 34","Shot","Cristiano Ronaldo dos Santos Aveiro","Blocked"
"360","87, 28","Shot","Karim El Ahmadi Al Aroos","Off T"
"361","109, 34","Shot","Gonçalo Manuel Ganchinho Guedes","Saved"
"362","112, 41","Shot","Younès Belhanda","Off T"
"363","111, 42","Shot","José Miguel da Rocha Fonte","Off T"
"364","107, 31","Shot","Gonçalo Manuel Ganchinho Guedes","Wayward"
"365","103, 53","Shot","Cristiano Ronaldo dos Santos Aveiro","Off T"
"366","105, 57","Shot","Younès Belhanda","Saved"
"367","112, 50","Shot","Younès Belhanda","Saved"
"368","107, 42","Shot","Medhi Amine El Mouttaqi Benatia","Off T"
"369","113, 34","Shot","Mbark Boussoufa","Wayward"
"370","96, 54","Shot","Hakim Ziyech","Off T"
"371","93, 17","Shot","Cristiano Ronaldo dos Santos Aveiro","Blocked"
"372","113, 47","Shot","Medhi Amine El Mouttaqi Benatia","Off T"
"373","86, 54","Shot","Nabil Dirar","Off T"
"374","97, 52","Shot","Bruno Miguel Borges Fernandes","Off T"
"375","102, 31","Shot","Cristiano Ronaldo dos Santos Aveiro","Blocked"
"376","112, 50","Shot","Hakim Ziyech","Blocked"
"377","111, 38","Shot","Medhi Amine El Mouttaqi Benatia","Off T"
"378","90, 21","Shot","Bruno Miguel Borges Fernandes","Off T"
"379","101, 62","Shot","Daniel Carvajal Ramos","Off T"
"380","95, 26","Shot","Vahid Amiri","Off T"
"381","114, 45","Shot","Diego da Silva Costa","Wayward"
"382","93, 37","Shot","Karim Ansarifard","Off T"
"383","97, 48","Shot","David Josué Jiménez Silva","Blocked"
"384","88, 34","Shot","Sergio Ramos García","Blocked"
"385","95, 49","Shot","David Josué Jiménez Silva","Saved"
"386","113, 40","Shot","David Josué Jiménez Silva","Off T"
"387","98, 61","Shot","Francisco Román Alarcón Suárez","Off T"
"388","113, 36","Shot","David Josué Jiménez Silva","Blocked"
"389","96, 29","Shot","Francisco Román Alarcón Suárez","Blocked"
"390","104, 48","Shot","David Josué Jiménez Silva","Blocked"
"391","114, 41","Shot","Gerard Piqué Bernabéu","Blocked"
"392","96, 43","Shot","Sergio Busquets i Burgos","Saved"
"393","113, 31","Shot","Diego da Silva Costa","Wayward"
"394","105, 51","Shot","Francisco Román Alarcón Suárez","Off T"
"395","104, 28","Shot","Karim Ansarifard","Off T"
"396","107, 36","Shot","Diego da Silva Costa","Goal"
"397","112, 39","Shot","Mehdi Taremi","Off T"
"398","109, 46","Shot","Sergio Ramos García","Blocked"
"399","118, 39","Shot","Gerard Piqué Bernabéu","Blocked"
"400","99, 56","Shot","Francisco Román Alarcón Suárez","Blocked"
"401","117, 47","Shot","Mehdi Taremi","Off T"
"402","109, 37","Shot","Sardar Azmoun","Wayward"
"403","101, 30","Shot","Luis Alberto Suárez Díaz","Blocked"
"404","93, 31","Shot","Mohammed Al Burayk","Blocked"
"405","110, 34","Shot","Edinson Roberto Cavani Gómez","Off T"
"406","119, 53","Shot","Luis Alberto Suárez Díaz","Off T"
"407","111, 57","Shot","Fahad Mosaed Al Muwallad Al Harbi","Off T"
"408","114, 43","Shot","Luis Alberto Suárez Díaz","Goal"
"409","110, 52","Shot","Edinson Roberto Cavani Gómez","Blocked"
"410","96, 58","Shot","Hattan Babhir","Saved"
"411","112, 49","Shot","Hattan Babhir","Off T"
"412","83, 40","Shot","Salem Mohammed Al Dawsari","Off T"
"413","87, 42","Shot","Luis Alberto Suárez Díaz","Saved"
"414","112, 47","Shot","Carlos Andrés Sánchez Arcosa","Off T"
"415","105, 59","Shot","Luis Alberto Suárez Díaz","Blocked"
"416","114, 43","Shot","José Martín Cáceres Silva","Off T"
"417","112, 34","Shot","José Martín Cáceres Silva","Blocked"
"418","92, 40","Shot","Lucas Torreira Di Pascua","Blocked"
"419","105, 45","Shot","Edinson Roberto Cavani Gómez","Off T"
"420","104, 41","Shot","Edinson Roberto Cavani Gómez","Saved"
"421","102, 40","Shot","Luis Alberto Suárez Díaz","Wayward"
"422","94, 21","Shot","Yasir Gharsan Al Shahrani","Blocked"
"423","111, 47","Shot","Mohammed Kanoo","Saved"
"424","98, 24","Shot","Yasir Gharsan Al Shahrani","Blocked"
"425","109, 27","Shot","Ivan Perišić","Saved"
"426","104, 41","Shot","Maximiliano Eduardo Meza","Blocked"
"427","87, 35","Shot","Marcelo Brozović","Blocked"
"428","106, 33","Shot","Enzo Nicolás Pérez","Off T"
"429","115, 34","Shot","Mario Mandžukić","Off T"
"430","99, 34","Shot","Ante Rebić","Off T"
"431","96, 28","Shot","Marcos Javier Acuña","Blocked"
"432","111, 29","Shot","Sergio Leonel Agüero del Castillo","Saved"
"433","108, 30","Shot","Ante Rebić","Goal"
"434","113, 34","Shot","Maximiliano Eduardo Meza","Saved"
"435","117, 36","Shot","Lionel Andrés Messi Cuccittini","Blocked"
"436","109, 43","Shot","Nicolás Hernán Otamendi","Off T"
"437","115, 49","Shot","Mario Mandžukić","Off T"
"438","107, 59","Shot","Paulo Bruno Exequiel Dybala","Off T"
"439","103, 24","Shot","Ivan Rakitić","Blocked"
"440","93, 45","Shot","Luka Modrić","Goal"
"441","100, 27","Shot","Gonzalo Gerardo Higuaín","Saved"
"442","89, 36","Shot","Ivan Rakitić","Post"
"443","103, 34","Shot","Mateo Kovačić","Off T"
"444","99, 50","Shot","Mario Mandžukić","Blocked"
"445","87, 54","Shot","Luka Modrić","Off T"
"446","108, 31","Shot","Maximiliano Eduardo Meza","Blocked"
"447","98, 38","Shot","Ivan Rakitić","Saved"
"448","112, 40","Shot","Ivan Rakitić","Goal"
"449","96, 43","Shot","Édison Michael Flores Peralta","Blocked"
"450","62, 36","Shot","Víctor Yoshimar Yotún Flores","Off T"
"451","114, 54","Shot","Antoine Griezmann","Off T"
"452","88, 54","Shot","Paul Pogba","Off T"
"453","115, 34","Shot","Raphaël Varane","Off T"
"454","102, 51","Shot","Antoine Griezmann","Saved"
"455","97, 27","Shot","Édison Michael Flores Peralta","Off T"
"456","110, 33","Shot","José Paolo Guerrero González","Saved"
"457","112, 38","Shot","Kylian Mbappé Lottin","Saved"
"458","109, 29","Shot","Olivier Giroud","Blocked"
"459","119, 41","Shot","Kylian Mbappé Lottin","Goal"
"460","109, 27","Shot","Lucas Hernández Pi","Saved"
"461","112, 29","Shot","Lucas Hernández Pi","Off T"
"462","93, 39","Shot","Pedro Jesús Aquino Sánchez","Post"
"463","101, 30","Shot","Christian Alberto Cueva Bravo","Blocked"
"464","94, 37","Shot","André Martín Carrillo Díaz","Off T"
"465","105, 40","Shot","José Paolo Guerrero González","Wayward"
"466","98, 61","Shot","Luis Jan Piers Advíncula Castrillón","Off T"
"467","116, 29","Shot","Jefferson Agustín Farfán Guadalupe","Off T"
"468","105, 44","Shot","Ousmane Dembélé","Off T"
"469","87, 43","Shot","José Paolo Guerrero González","Saved"
"470","97, 40","Shot","Blaise Matuidi","Off T"
"471","107, 30","Shot","José Paolo Guerrero González","Off T"
"472","106, 32","Shot","Olivier Giroud","Blocked"
"473","114, 38","Shot","Thomas Delaney","Off T"
"474","101, 53","Shot","Tom Rogić","Blocked"
"475","113, 42","Shot","Mathew Leckie","Off T"
"476","104, 39","Shot","Christian Dannemann Eriksen","Goal"
"477","88, 38","Shot","Pione Sisto Ifolo Emirmija","Saved"
"478","93, 33","Shot","Tom Rogić","Off T"
"479","113, 42","Shot","Nicolai Jørgensen","Off T"
"480","111, 44","Shot","Robbie Kruse","Blocked"
"481","92, 40","Shot","Aaron Mooy","Blocked"
"482","110, 41","Shot","Mathew Leckie","Blocked"
"483","109, 41","Shot","Mile Jedinak","Goal"
"484","108, 32","Shot","Jens Stryger Larsen","Saved"
"485","107, 40","Shot","Pione Sisto Ifolo Emirmija","Blocked"
"486","94, 26","Shot","Aaron Mooy","Off T"
"487","94, 47","Shot","Tom Rogić","Saved"
"488","96, 27","Shot","Pione Sisto Ifolo Emirmija","Off T"
"489","104, 59","Shot","Mathew Leckie","Saved"
"490","108, 42","Shot","Mathew Leckie","Wayward"
"491","106, 34","Shot","Andreas Evald Cornelius","Saved"
"492","114, 24","Shot","Daniel Arzani","Saved"
"493","107, 37","Shot","Mathew Leckie","Saved"
"494","97, 47","Shot","Christian Dannemann Eriksen","Off T"
"495","105, 29","Shot","Martin Braithwaite Christensen","Saved"
"496","98, 51","Shot","Philippe Coutinho Correia","Off T"
"497","88, 59","Shot","Cristian Gamboa Luna","Off T"
"498","107, 48","Shot","Celso Borges Mora","Off T"
"499","82, 27","Shot","Bryan Oviedo","Blocked"
"500","106, 25","Shot","Thiago Emiliano da Silva","Off T"
"501","99, 22","Shot","Marcelo Vieira da Silva Júnior","Blocked"
"502","97, 20","Shot","Marcelo Vieira da Silva Júnior","Off T"
"503","92, 23","Shot","Philippe Coutinho Correia","Off T"
"504","100, 52","Shot","Willian Borges da Silva","Off T"
"505","96, 23","Shot","Marcelo Vieira da Silva Júnior","Saved"
"506","117, 39","Shot","Neymar da Silva Santos Junior","Blocked"
"507","112, 40","Shot","Gabriel Fernando de Jesus","Post"
"508","105, 41","Shot","Philippe Coutinho Correia","Blocked"
"509","110, 42","Shot","Neymar da Silva Santos Junior","Saved"
"510","103, 48","Shot","Philippe Coutinho Correia","Saved"
"511","104, 40","Shot","Óscar Esau Duarte Gaitán","Wayward"
"512","108, 31","Shot","Gabriel Fernando de Jesus","Blocked"
"513","100, 24","Shot","Neymar da Silva Santos Junior","Saved"
"514","111, 44","Shot","Thiago Emiliano da Silva","Wayward"
"515","112, 41","Shot","Carlos Henrique Casimiro","Saved"
"516","98, 38","Shot","Neymar da Silva Santos Junior","Off T"
"517","108, 27","Shot","Neymar da Silva Santos Junior","Blocked"
"518","89, 28","Shot","Philippe Coutinho Correia","Saved"
"519","96, 46","Shot","Carlos Henrique Casimiro","Saved"
"520","113, 38","Shot","Philippe Coutinho Correia","Goal"
"521","112, 32","Shot","Roberto Firmino Barbosa de Oliveira","Off T"
"522","115, 42","Shot","Neymar da Silva Santos Junior","Goal"
"523","92, 40","Shot","Gylfi Þór Sigurðsson","Saved"
"524","99, 39","Shot","Gylfi Þór Sigurðsson","Saved"
"525","104, 39","Shot","Kenneth Josiah Omeruo","Wayward"
"526","114, 27","Shot","Birkir Bjarnason","Blocked"
"527","109, 24","Shot","Birkir Bjarnason","Off T"
"528","113, 40","Shot","Alfreð Finnbogason","Off T"
"529","113, 51","Shot","Jón Daði Böðvarsson","Off T"
"530","96, 47","Shot","Oghenekaro Etebo","Saved"
"531","112, 46","Shot","Ahmed Musa","Goal"
"532","84, 26","Shot","Onyinye Wilfred Ndidi","Saved"
"533","106, 61","Shot","Victor Moses","Off T"
"534","99, 28","Shot","Rúrik Gíslason","Off T"
"535","101, 55","Shot","Victor Moses","Blocked"
"536","95, 38","Shot","Oghenekaro Etebo","Blocked"
"537","107, 48","Shot","William Troost-Ekong","Off T"
"538","112, 43","Shot","Leon-Aderemi Balogun","Off T"
"539","98, 54","Shot","Kelechi Promise Iheanacho","Blocked"
"540","101, 27","Shot","Ahmed Musa","Post"
"541","104, 50","Shot","Victor Moses","Off T"
"542","113, 41","Shot","Ahmed Musa","Goal"
"543","92, 39","Shot","William Troost-Ekong","Blocked"
"544","108, 40","Shot","Gylfi Þór Sigurðsson","Off T"
"545","98, 48","Shot","Kelechi Promise Iheanacho","Off T"
"546","112, 27","Shot","Alfreð Finnbogason","Saved"
"547","91, 42","Shot","Onyinye Wilfred Ndidi","Blocked"
"548","107, 41","Shot","Sverrir Ingi Ingason","Off T"
"549","103, 39","Shot","Alex Iwobi","Blocked"
"550","84, 51","Shot","Granit Xhaka","Off T"
"551","114, 38","Shot","Aleksandar Mitrović","Saved"
"552","108, 37","Shot","Filip Kostić","Wayward"
"553","115, 39","Shot","Aleksandar Mitrović","Goal"
"554","95, 58","Shot","Xherdan Shaqiri","Blocked"
"555","111, 38","Shot","Blerim Džemaili","Off T"
"556","104, 33","Shot","Aleksandar Mitrović","Off T"
"557","100, 52","Shot","Sergej Milinković-Savić","Off T"
"558","104, 32","Shot","Aleksandar Mitrović","Off T"
"559","100, 41","Shot","Xherdan Shaqiri","Blocked"
"560","97, 51","Shot","Stephan Lichtsteiner","Blocked"
"561","113, 37","Shot","Manuel Obafemi Akanji","Off T"
"562","111, 39","Shot","Blerim Džemaili","Saved"
"563","113, 44","Shot","Fabian Lukas Schär","Off T"
"564","99, 49","Shot","Dušan Tadić","Saved"
"565","109, 43","Shot","Aleksandar Mitrović","Off T"
"566","118, 32","Shot","Nemanja Matić","Off T"
"567","100, 49","Shot","Dušan Tadić","Off T"
"568","98, 18","Shot","Ricardo Iván Rodríguez Araya","Wayward"
"569","114, 43","Shot","Aleksandar Mitrović","Off T"
"570","106, 55","Shot","Xherdan Shaqiri","Blocked"
"571","95, 22","Shot","Granit Xhaka","Goal"
"572","107, 62","Shot","Xherdan Shaqiri","Post"
"573","104, 29","Shot","Adem Ljajić","Blocked"
"574","86, 40","Shot","Breel-Donald Embolo","Saved"
"575","86, 36","Shot","Xherdan Shaqiri","Off T"
"576","110, 43","Shot","Mario Gavranović","Saved"
"577","94, 30","Shot","Ricardo Iván Rodríguez Araya","Blocked"
"578","108, 37","Shot","Manuel Obafemi Akanji","Blocked"
"579","111, 31","Shot","Xherdan Shaqiri","Goal"
"580","99, 33","Shot","Xherdan Shaqiri","Off T"
"581","113, 42","Shot","Julian Draxler","Blocked"
"582","104, 40","Shot","Jonas Hector","Blocked"
"583","106, 40","Shot","Marcus Berg","Saved"
"584","97, 53","Shot","Jérôme Boateng","Blocked"
"585","105, 43","Shot","Marcus Berg","Blocked"
"586","92, 42","Shot","Sebastian Rudy","Blocked"
"587","112, 48","Shot","Ola Toivonen","Goal"
"588","94, 28","Shot","İlkay Gündoğan","Saved"
"589","96, 62","Shot","Jérôme Boateng","Off T"
"590","107, 47","Shot","Marcus Berg","Saved"
"591","112, 40","Shot","Marco Reus","Goal"
"592","101, 29","Shot","Toni Kroos","Blocked"
"593","111, 54","Shot","Thomas Müller","Off T"
"594","112, 30","Shot","Jonas Hector","Saved"
"595","105, 29","Shot","Toni Kroos","Blocked"
"596","93, 38","Shot","Toni Kroos","Blocked"
"597","106, 22","Shot","Marco Reus","Blocked"
"598","105, 26","Shot","Toni Kroos","Wayward"
"599","98, 20","Shot","Emil Forsberg","Saved"
"600","109, 49","Shot","Timo Werner","Off T"
"601","110, 45","Shot","Andreas Granqvist","Saved"
"602","111, 40","Shot","Mario Gómez García","Saved"
"603","101, 46","Shot","Julian Brandt","Post"
"604","107, 59","Shot","John Guidetti","Saved"
"605","111, 20","Shot","Toni Kroos","Goal"
"606","100, 51","Shot","Thomas Meunier","Saved"
"607","108, 40","Shot","Eden Hazard","Goal"
"608","109, 24","Shot","Axel Witsel","Blocked"
"609","110, 44","Shot","Eden Hazard","Saved"
"610","101, 21","Shot","Yannick Ferreira Carrasco","Saved"
"611","104, 33","Shot","Romelu Lukaku Menama","Goal"
"612","112, 41","Shot","Dylan Bronn","Goal"
"613","107, 33","Shot","Yannick Ferreira Carrasco","Saved"
"614","102, 56","Shot","Toby Alderweireld","Off T"
"615","100, 34","Shot","Axel Witsel","Blocked"
"616","106, 69","Shot","Wahbi Khazri","Off T"
"617","101, 45","Shot","Ferjani Sassi","Off T"
"618","88, 26","Shot","Wahbi Khazri","Saved"
"619","96, 37","Shot","Fakhreddine Ben Youssef","Off T"
"620","117, 27","Shot","Saîf-Eddine Khaoui","Blocked"
"621","112, 45","Shot","Romelu Lukaku Menama","Goal"
"622","115, 48","Shot","Toby Alderweireld","Off T"
"623","113, 44","Shot","Wahbi Khazri","Wayward"
"624","99, 24","Shot","Anice Badri","Saved"
"625","109, 38","Shot","Eden Hazard","Goal"
"626","112, 37","Shot","Fakhreddine Ben Youssef","Wayward"
"627","94, 55","Shot","Ferjani Sassi","Off T"
"628","109, 42","Shot","Anice Badri","Wayward"
"629","102, 29","Shot","Yannick Ferreira Carrasco","Off T"
"630","97, 30","Shot","Eden Hazard","Off T"
"631","101, 16","Shot","Wahbi Khazri","Blocked"
"632","101, 45","Shot","Naïm Sliti","Blocked"
"633","100, 30","Shot","Anice Badri","Saved"
"634","93, 41","Shot","Saîf-Eddine Khaoui","Wayward"
"635","114, 29","Shot","Michy Batshuayi Tunga","Blocked"
"636","104, 23","Shot","Yannick Ferreira Carrasco","Saved"
"637","114, 39","Shot","Michy Batshuayi Tunga","Post"
"638","108, 58","Shot","Thomas Meunier","Off T"
"639","113, 39","Shot","Michy Batshuayi Tunga","Saved"
"640","113, 54","Shot","Michy Batshuayi Tunga","Blocked"
"641","94, 56","Shot","Axel Witsel","Off T"
"642","113, 35","Shot","Michy Batshuayi Tunga","Goal"
"643","63, 42","Shot","Wahbi Khazri","Off T"
"644","103, 37","Shot","Michy Batshuayi Tunga","Off T"
"645","111, 44","Shot","Wahbi Khazri","Goal"
"646","112, 41","Shot","Edson Omar Álvarez Velázquez","Wayward"
"647","107, 45","Shot","Javier Hernández Balcázar","Off T"
"648","111, 49","Shot","Carlos Joel Salcedo Hernández","Saved"
"649","109, 51","Shot","Heung-Min Son","Blocked"
"650","111, 49","Shot","Heung-Min Son","Blocked"
"651","98, 49","Shot","Heung-Min Son","Blocked"
"652","109, 44","Shot","Sung-Yeung Ki","Saved"
"653","109, 41","Shot","Carlos Alberto Vela Garrido","Goal"
"654","105, 42","Shot","Miguel Arturo Layún Prado","Saved"
"655","87, 41","Shot","Heung-Min Son","Off T"
"656","118, 30","Shot","Heung-Min Son","Saved"
"657","108, 26","Shot","Hirving Rodrigo Lozano Bahena","Off T"
"658","94, 48","Shot","Seon-Min Moon","Blocked"
"659","99, 32","Shot","Heung-Min Son","Blocked"
"660","100, 28","Shot","Hirving Rodrigo Lozano Bahena","Off T"
"661","90, 46","Shot","Javier Hernández Balcázar","Off T"
"662","110, 47","Shot","Seon-Min Moon","Blocked"
"663","105, 68","Shot","Jae-Sung Lee","Saved"
"664","103, 18","Shot","Sung-Yeung Ki","Saved"
"665","96, 46","Shot","José Andrés Guardado Hernández","Blocked"
"666","104, 36","Shot","José Andrés Guardado Hernández","Saved"
"667","100, 39","Shot","Hirving Rodrigo Lozano Bahena","Blocked"
"668","104, 38","Shot","Jae-Sung Lee","Blocked"
"669","101, 58","Shot","Carlos Alberto Vela Garrido","Off T"
"670","111, 32","Shot","Javier Hernández Balcázar","Goal"
"671","99, 40","Shot","Hee-Chan Hwang","Saved"
"672","88, 52","Shot","Sung-Yeung Ki","Blocked"
"673","95, 49","Shot","Jae-Sung Lee","Blocked"
"674","94, 40","Shot","Heung-Min Son","Off T"
"675","96, 47","Shot","Héctor Miguel Herrera López","Off T"
"676","97, 54","Shot","Heung-Min Son","Goal"
"677","81, 40","Shot","Edgar Yoel Bárcenas Herrera","Off T"
"678","102, 32","Shot","Aníbal Cesis Godoy","Off T"
"679","109, 42","Shot","John Stones","Goal"
"680","96, 49","Shot","Edgar Yoel Bárcenas Herrera","Off T"
"681","109, 41","Shot","Harry Kane","Goal"
"682","98, 34","Shot","Jesse Lingard","Goal"
"683","115, 40","Shot","Raheem Shaquille Sterling","Saved"
"684","118, 36","Shot","John Stones","Goal"
"685","100, 40","Shot","Jesse Lingard","Blocked"
"686","109, 41","Shot","Harry Kane","Goal"
"687","97, 51","Shot","Ruben Loftus-Cheek","Blocked"
"688","105, 49","Shot","Harry Kane","Goal"
"689","115, 51","Shot","Michael Amir Murillo Bermudez","Saved"
"690","104, 45","Shot","Jordan Brian Henderson","Off T"
"691","116, 36","Shot","Román Aureliano Torres Morcillo","Off T"
"692","109, 44","Shot","Felipe Abdiel Baloy Ramírez","Goal"
"693","93, 30","Shot","Raheem Shaquille Sterling","Off T"
"694","106, 41","Shot","Blas Antonio Miguel Pérez Ortega","Blocked"
"695","94, 20","Shot","José Luis Rodríguez Francis","Off T"
"696","104, 21","Shot","Dawid Kownacki","Blocked"
"697","115, 39","Shot","Robert Lewandowski","Wayward"
"698","95, 52","Shot","Santiago Arias Naranjo","Blocked"
"699","95, 52","Shot","Piotr Zieliński","Blocked"
"700","82, 30","Shot","Juan Guillermo Cuadrado Bello","Off T"
"701","116, 38","Shot","Yerry Fernando Mina González","Goal"
"702","105, 55","Shot","Bartosz Bereszyński","Off T"
"703","112, 44","Shot","Robert Lewandowski","Off T"
"704","85, 57","Shot","Juan Fernando Quintero Paniagua","Off T"
"705","102, 51","Shot","Radamel Falcao García Zárate","Off T"
"706","105, 53","Shot","James David Rodríguez Rubio","Blocked"
"707","98, 35","Shot","Juan Fernando Quintero Paniagua","Blocked"
"708","88, 50","Shot","Juan Guillermo Cuadrado Bello","Off T"
"709","110, 29","Shot","Robert Lewandowski","Saved"
"710","112, 41","Shot","Robert Lewandowski","Blocked"
"711","108, 47","Shot","Radamel Falcao García Zárate","Goal"
"712","94, 50","Shot","Piotr Zieliński","Off T"
"713","105, 38","Shot","Juan Guillermo Cuadrado Bello","Goal"
"714","109, 34","Shot","Łukasz Teodorczyk","Blocked"
"715","116, 33","Shot","Grzegorz Krychowiak","Blocked"
"716","118, 47","Shot","Andrés Mateus Uribe Villa","Blocked"
"717","89, 15","Shot","James David Rodríguez Rubio","Off T"
"718","91, 33","Shot","Robert Lewandowski","Saved"
"719","92, 50","Shot","Jefferson Andrés Lerma Solís","Blocked"
"720","87, 40","Shot","Youssouf Sabaly","Off T"
"721","110, 23","Shot","Youssouf Sabaly","Saved"
"722","116, 38","Shot","Sadio Mané","Goal"
"723","116, 63","Shot","M""Baye Babacar Niang","Saved"
"724","95, 34","Shot","Makoto Hasebe","Blocked"
"725","108, 43","Shot","Ismaïla Sarr","Saved"
"726","112, 42","Shot","Alfred John Momar N""Diaye","Wayward"
"727","108, 29","Shot","Takashi Inui","Goal"
"728","102, 53","Shot","M""Baye Babacar Niang","Saved"
"729","101, 57","Shot","Genki Haraguchi","Off T"
"730","112, 37","Shot","Yūya Ōsako","Saved"
"731","104, 54","Shot","M""Baye Babacar Niang","Off T"
"732","99, 37","Shot","Papa Alioune N""Diaye","Off T"
"733","96, 50","Shot","M""Baye Babacar Niang","Saved"
"734","108, 23","Shot","Takashi Inui","Post"
"735","115, 36","Shot","M""Baye Babacar Niang","Wayward"
"736","114, 52","Shot","Moussa Wagué","Goal"
"737","111, 43","Shot","Yūya Ōsako","Blocked"
"738","113, 43","Shot","Keisuke Honda","Goal"
"739","115, 43","Shot","Cheikh N""Doye","Off T"
"740","102, 41","Shot","Salif Sané","Blocked"
"741","112, 45","Shot","Mame Biram Diouf","Off T"
"742","112, 27","Shot","Cristiano Ronaldo dos Santos Aveiro","Saved"
"743","101, 29","Shot","Vahid Amiri","Off T"
"744","102, 35","Shot","João Mário Naval da Costa Eduardo","Off T"
"745","95, 55","Shot","Cristiano Ronaldo dos Santos Aveiro","Blocked"
"746","100, 39","Shot","José Miguel da Rocha Fonte","Blocked"
"747","114, 35","Shot","Kléper Laveran Lima Ferreira","Off T"
"748","103, 34","Shot","André Miguel Valente Silva","Wayward"
"749","93, 23","Shot","Ramin Rezaeian","Off T"
"750","117, 50","Shot","José Miguel da Rocha Fonte","Wayward"
"751","109, 47","Shot","Saeid Ezatolahi Afagh","Saved"
"752","83, 34","Shot","Cristiano Ronaldo dos Santos Aveiro","Saved"
"753","112, 55","Shot","Ricardo Andrade Quaresma Bernardo","Off T"
"754","102, 58","Shot","Ricardo Andrade Quaresma Bernardo","Goal"
"755","108, 40","Shot","Cristiano Ronaldo dos Santos Aveiro","Saved"
"756","111, 36","Shot","Sardar Azmoun","Wayward"
"757","93, 30","Shot","Raphaël Adelino José Guerreiro","Blocked"
"758","97, 35","Shot","Cristiano Ronaldo dos Santos Aveiro","Off T"
"759","96, 24","Shot","Adrien Sebastian Perruchet Silva","Off T"
"760","98, 38","Shot","Saman Ghoddos","Off T"
"761","95, 51","Shot","André Miguel Valente Silva","Off T"
"762","113, 32","Shot","Sardar Azmoun","Blocked"
"763","109, 41","Shot","Karim Ansarifard","Goal"
"764","97, 45","Shot","Saman Ghoddos","Blocked"
"765","113, 33","Shot","Mehdi Taremi","Off T"
"766","87, 30","Shot","Matías Vecino Falero","Off T"
"767","101, 36","Shot","Luis Alberto Suárez Díaz","Goal"
"768","103, 32","Shot","Denis Cheryshev","Saved"
"769","96, 24","Shot","Diego Sebastián Laxalt Suárez","Blocked"
"770","111, 45","Shot","Rodrigo Bentancur Colmán","Saved"
"771","94, 45","Shot","Edinson Roberto Cavani Gómez","Blocked"
"772","111, 57","Shot","Rodrigo Bentancur Colmán","Blocked"
"773","59, 32","Shot","Diego Roberto Godín Leal","Off T"
"774","105, 33","Shot","Edinson Roberto Cavani Gómez","Off T"
"775","96, 55","Shot","Roman Zobnin","Blocked"
"776","105, 52","Shot","Artem Dzyuba","Off T"
"777","94, 25","Shot","Cristian Gabriel Rodríguez Barrotti","Saved"
"778","116, 42","Shot","José Martín Cáceres Silva","Wayward"
"779","107, 47","Shot","Edinson Roberto Cavani Gómez","Blocked"
"780","101, 22","Shot","Cristian Gabriel Rodríguez Barrotti","Saved"
"781","114, 39","Shot","Diego Roberto Godín Leal","Saved"
"782","119, 39","Shot","Edinson Roberto Cavani Gómez","Goal"
"783","113, 44","Shot","Giorgian Daniel De Arrascaeta Benedetti","Wayward"
"784","91, 31","Shot","Lucas Torreira Di Pascua","Blocked"
"785","98, 56","Shot","Hussain Al Mogahwi","Off T"
"786","94, 26","Shot","Salem Mohammed Al Dawsari","Off T"
"787","102, 23","Shot","Marwan Mohsen","Wayward"
"788","99, 44","Shot","Salem Mohammed Al Dawsari","Off T"
"789","101, 48","Shot","Mohamed Salah","Goal"
"790","107, 38","Shot","Mohamed Salah","Off T"
"791","86, 36","Shot","Hattan Babhir","Saved"
"792","100, 22","Shot","Yasir Gharsan Al Shahrani","Off T"
"793","95, 60","Shot","Mohammed Al Burayk","Off T"
"794","105, 30","Shot","Mahmoud Ibrahim Hassan","Off T"
"795","101, 29","Shot","Mahmoud Ibrahim Hassan","Off T"
"796","103, 45","Shot","Salman Mohammed Al Faraj","Blocked"
"797","108, 40","Shot","Fahad Mosaed Al Muwallad Al Harbi","Saved"
"798","104, 45","Shot","Abdullah Ibrahim Otayf","Blocked"
"799","108, 40","Shot","Salman Mohammed Al Faraj","Goal"
"800","112, 54","Shot","Hattan Babhir","Off T"
"801","108, 40","Shot","Mahmoud Ibrahim Hassan","Off T"
"802","100, 61","Shot","Hussain Al Mogahwi","Blocked"
"803","90, 49","Shot","Hattan Babhir","Off T"
"804","96, 41","Shot","Hussain Al Mogahwi","Off T"
"805","110, 49","Shot","Hussain Al Mogahwi","Saved"
"806","115, 49","Shot","Mohanad Aseri Abu Radiah","Saved"
"807","98, 51","Shot","Mohamed Naser Elsayed Elneny","Off T"
"808","88, 43","Shot","Salman Mohammed Al Faraj","Off T"
"809","102, 22","Shot","Amr Medhat Warda","Blocked"
"810","95, 30","Shot","Mohammed Al Burayk","Blocked"
"811","116, 30","Shot","Salem Mohammed Al Dawsari","Saved"
"812","101, 58","Shot","Abdullah Ibrahim Otayf","Blocked"
"813","116, 53","Shot","Salem Mohammed Al Dawsari","Goal"
"814","107, 45","Shot","Khalid Boutaïb","Goal"
"815","97, 27","Shot","Andrés Iniesta Luján","Off T"
"816","114, 38","Shot","Francisco Román Alarcón Suárez","Goal"
"817","112, 45","Shot","Gerard Piqué Bernabéu","Saved"
"818","102, 34","Shot","Andrés Iniesta Luján","Blocked"
"819","114, 34","Shot","Khalid Boutaïb","Saved"
"820","106, 31","Shot","Diego da Silva Costa","Wayward"
"821","112, 38","Shot","Sergio Busquets i Burgos","Off T"
"822","94, 30","Shot","Hakim Ziyech","Off T"
"823","116, 37","Shot","Diego da Silva Costa","Wayward"
"824","117, 50","Shot","Mbark Boussoufa","Off T"
"825","99, 43","Shot","Francisco Román Alarcón Suárez","Wayward"
"826","97, 60","Shot","Nordin Amrabat","Post"
"827","87, 53","Shot","Gerard Piqué Bernabéu","Off T"
"828","110, 52","Shot","Nabil Dirar","Wayward"
"829","106, 51","Shot","Thiago Alcântara do Nascimento","Wayward"
"830","115, 37","Shot","Francisco Román Alarcón Suárez","Blocked"
"831","111, 40","Shot","Gerard Piqué Bernabéu","Off T"
"832","110, 52","Shot","David Josué Jiménez Silva","Wayward"
"833","101, 31","Shot","Thiago Alcântara do Nascimento","Off T"
"834","88, 27","Shot","Sergio Ramos García","Off T"
"835","112, 50","Shot","Hakim Ziyech","Blocked"
"836","110, 40","Shot","Youssef En-Nesyri","Goal"
"837","113, 41","Shot","Rodrigo Moreno Machado","Wayward"
"838","114, 34","Shot","Marco Asensio Willemsen","Off T"
"839","116, 44","Shot","Iago Aspas Juncal","Goal"
"840","101, 46","Shot","Mateo Kovačić","Blocked"
"841","112, 34","Shot","Hörður Björgvin Magnússon","Off T"
"842","94, 19","Shot","Gylfi Þór Sigurðsson","Saved"
"843","104, 36","Shot","Birkir Bjarnason","Blocked"
"844","105, 41","Shot","Birkir Bjarnason","Blocked"
"845","95, 41","Shot","Ivan Perišić","Off T"
"846","91, 40","Shot","Marko Pjaca","Blocked"
"847","103, 45","Shot","Alfreð Finnbogason","Off T"
"848","87, 46","Shot","Luka Modrić","Off T"
"849","85, 35","Shot","Emil Hallfreðsson","Off T"
"850","108, 42","Shot","Birkir Bjarnason","Saved"
"851","104, 56","Shot","Aron Einar Gunnarsson","Saved"
"852","93, 49","Shot","Milan Badelj","Post"
"853","106, 40","Shot","Milan Badelj","Goal"
"854","117, 48","Shot","Hörður Björgvin Magnússon","Wayward"
"855","113, 39","Shot","Sverrir Ingi Ingason","Saved"
"856","113, 42","Shot","Sverrir Ingi Ingason","Post"
"857","101, 61","Shot","Johann Berg Guðmunds­son","Blocked"
"858","108, 60","Shot","Gylfi Þór Sigurðsson","Off T"
"859","91, 34","Shot","Andrej Kramarić","Blocked"
"860","112, 33","Shot","Birkir Bjarnason","Off T"
"861","100, 19","Shot","Josip Pivarić","Off T"
"862","109, 41","Shot","Gylfi Þór Sigurðsson","Goal"
"863","98, 60","Shot","Johann Berg Guðmunds­son","Saved"
"864","95, 55","Shot","Ivan Perišić","Off T"
"865","104, 16","Shot","Ivan Rakitić","Off T"
"866","104, 33","Shot","Andrej Kramarić","Off T"
"867","111, 28","Shot","Ivan Perišić","Goal"
"868","101, 41","Shot","Ivan Rakitić","Off T"
"869","114, 38","Shot","Aron Einar Gunnarsson","Blocked"
"870","97, 53","Shot","Mile Jedinak","Off T"
"871","95, 46","Shot","Tom Rogić","Blocked"
"872","104, 53","Shot","André Martín Carrillo Díaz","Goal"
"873","112, 42","Shot","Mathew Leckie","Wayward"
"874","109, 37","Shot","José Paolo Guerrero González","Saved"
"875","105, 40","Shot","Tom Rogić","Saved"
"876","83, 33","Shot","Víctor Yoshimar Yotún Flores","Off T"
"877","116, 43","Shot","Trent Sainsbury","Off T"
"878","115, 34","Shot","Trent Sainsbury","Off T"
"879","111, 36","Shot","José Paolo Guerrero González","Goal"
"880","113, 50","Shot","Mile Jedinak","Saved"
"881","96, 61","Shot","Aaron Mooy","Blocked"
"882","113, 52","Shot","Trent Sainsbury","Wayward"
"883","116, 39","Shot","Mile Jedinak","Wayward"
"884","111, 51","Shot","Tim Cahill","Wayward"
"885","107, 32","Shot","Aziz Eraltay Behich","Off T"
"886","110, 35","Shot","Tim Cahill","Blocked"
"887","112, 50","Shot","Mathew Leckie","Blocked"
"888","96, 31","Shot","Daniel Arzani","Off T"
"889","93, 36","Shot","Mile Jedinak","Off T"
"890","106, 28","Shot","Olivier Giroud","Saved"
"891","112, 42","Shot","Raphaël Varane","Off T"
"892","99, 60","Shot","Ousmane Dembélé","Off T"
"893","101, 60","Shot","Antoine Griezmann","Saved"
"894","96, 59","Shot","Ousmane Dembélé","Off T"
"895","95, 51","Shot","Christian Dannemann Eriksen","Blocked"
"896","92, 53","Shot","Antoine Griezmann","Saved"
"897","81, 44","Shot","Christian Dannemann Eriksen","Saved"
"898","92, 40","Shot","Thomas Lemar","Blocked"
"899","101, 37","Shot","Christian Dannemann Eriksen","Off T"
"900","91, 33","Shot","Viktor Fischer","Blocked"
"901","104, 66","Shot","Henrik Dalsgaard","Blocked"
"902","101, 19","Shot","Nabil Fekir","Off T"
"903","108, 33","Shot","Olivier Giroud","Off T"
"904","102, 54","Shot","Olivier Giroud","Off T"
"905","96, 49","Shot","Nabil Fekir","Saved"
"906","98, 38","Shot","Oghenekaro Etebo","Blocked"
"907","105, 28","Shot","Nicolás Alejandro Tagliafico","Off T"
"908","97, 24","Shot","Ahmed Musa","Off T"
"909","112, 50","Shot","Lionel Andrés Messi Cuccittini","Goal"
"910","112, 52","Shot","Gonzalo Gerardo Higuaín","Saved"
"911","100, 29","Shot","Lionel Andrés Messi Cuccittini","Post"
"912","111, 26","Shot","Ángel Fabián Di María Hernández","Blocked"
"913","93, 49","Shot","Oghenekaro Etebo","Wayward"
"914","103, 48","Shot","Leon-Aderemi Balogun","Saved"
"915","109, 41","Shot","Victor Moses","Goal"
"916","93, 40","Shot","Onyinye Wilfred Ndidi","Off T"
"917","108, 47","Shot","Odion Jude Ighalo","Off T"
"918","105, 23","Shot","Nicolás Alejandro Tagliafico","Wayward"
"919","108, 36","Shot","Gonzalo Gerardo Higuaín","Off T"
"920","116, 29","Shot","Odion Jude Ighalo","Saved"
"921","94, 53","Shot","Oghenekaro Etebo","Off T"
"922","107, 37","Shot","Faustino Marcos Alberto Rojo","Goal"
"923","104, 37","Shot","Philippe Coutinho Correia","Blocked"
"924","114, 28","Shot","Gabriel Fernando de Jesus","Saved"
"925","96, 46","Shot","Filip Kostić","Blocked"
"926","108, 43","Shot","Aleksandar Mitrović","Wayward"
"927","117, 30","Shot","Neymar da Silva Santos Junior","Saved"
"928","114, 29","Shot","Gabriel Fernando de Jesus","Blocked"
"929","110, 42","Shot","Aleksandar Mitrović","Off T"
"930","106, 39","Shot","José Paulo Bezzera Maciel Júnior","Goal"
"931","95, 45","Shot","Dušan Tadić","Off T"
"932","101, 18","Shot","Neymar da Silva Santos Junior","Off T"
"933","96, 50","Shot","Sergej Milinković-Savić","Blocked"
"934","111, 28","Shot","Neymar da Silva Santos Junior","Saved"
"935","112, 41","Shot","Aleksandar Mitrović","Blocked"
"936","104, 28","Shot","Sergej Milinković-Savić","Off T"
"937","113, 37","Shot","Aleksandar Mitrović","Saved"
"938","116, 36","Shot","Thiago Emiliano da Silva","Goal"
"939","101, 43","Shot","Philippe Coutinho Correia","Blocked"
"940","95, 40","Shot","Filipe Luis Kasmirski","Saved"
"941","104, 30","Shot","Neymar da Silva Santos Junior","Blocked"
"942","80, 43","Shot","Carlos Henrique Casimiro","Off T"
"943","109, 40","Shot","Nemanja Matić","Off T"
"944","106, 43","Shot","Neymar da Silva Santos Junior","Off T"
"945","106, 43","Shot","Aleksandar Mitrović","Blocked"
"946","108, 30","Shot","Neymar da Silva Santos Junior","Blocked"
"947","99, 59","Shot","Andrija Živković","Off T"
"948","114, 52","Shot","Neymar da Silva Santos Junior","Saved"
"949","114, 17","Shot","Emil Forsberg","Saved"
"950","92, 58","Shot","Miguel Arturo Layún Prado","Off T"
"951","112, 36","Shot","Andreas Granqvist","Wayward"
"952","116, 36","Shot","Marcus Berg","Off T"
"953","96, 56","Shot","Emil Forsberg","Off T"
"954","104, 46","Shot","Carlos Alberto Vela Garrido","Off T"
"955","110, 38","Shot","Emil Forsberg","Off T"
"956","99, 63","Shot","Carlos Alberto Vela Garrido","Blocked"
"957","116, 40","Shot","José Andrés Guardado Hernández","Wayward"
"958","117, 22","Shot","Héctor Miguel Herrera López","Blocked"
"959","93, 34","Shot","José Andrés Guardado Hernández","Off T"
"960","101, 34","Shot","Emil Forsberg","Blocked"
"961","115, 42","Shot","Marcus Berg","Saved"
"962","105, 30","Shot","Emil Forsberg","Off T"
"963","99, 28","Shot","Hirving Rodrigo Lozano Bahena","Blocked"
"964","106, 54","Shot","Carlos Alberto Vela Garrido","Off T"
"965","104, 28","Shot","Carlos Joel Salcedo Hernández","Blocked"
"966","105, 61","Shot","Miguel Arturo Layún Prado","Saved"
"967","109, 28","Shot","Marcus Berg","Off T"
"968","109, 41","Shot","Viktor Claesson","Wayward"
"969","116, 32","Shot","Ludwig Augustinsson","Goal"
"970","103, 36","Shot","Emil Forsberg","Off T"
"971","115, 19","Shot","José Andrés Guardado Hernández","Off T"
"972","106, 25","Shot","Ludwig Augustinsson","Off T"
"973","108, 29","Shot","Marcus Berg","Saved"
"974","109, 41","Shot","Andreas Granqvist","Goal"
"975","80, 54","Shot","Carlos Joel Salcedo Hernández","Blocked"
"976","90, 48","Shot","Marco Jhonfai Fabián De La Mora","Blocked"
"977","111, 31","Shot","Carlos Joel Salcedo Hernández","Off T"
"978","106, 40","Shot","Javier Hernández Balcázar","Off T"
"979","111, 42","Shot","Héctor Alfredo Moreno Herrera","Blocked"
"980","96, 54","Shot","Carlos Alberto Vela Garrido","Blocked"
"981","116, 29","Shot","Javier Hernández Balcázar","Blocked"
"982","117, 42","Shot","Carlos Alberto Vela Garrido","Off T"
"983","98, 51","Shot","Hirving Rodrigo Lozano Bahena","Off T"
"984","91, 48","Shot","Héctor Miguel Herrera López","Saved"
"985","102, 21","Shot","Hirving Rodrigo Lozano Bahena","Saved"
"986","113, 22","Shot","Marco Reus","Off T"
"987","111, 42","Shot","Sami Khedira","Saved"
"988","87, 49","Shot","Woo-Young Jung","Saved"
"989","91, 50","Shot","Yong Lee","Off T"
"990","108, 51","Shot","Heung-Min Son","Off T"
"991","97, 42","Shot","Marco Reus","Blocked"
"992","108, 51","Shot","Timo Werner","Blocked"
"993","112, 43","Shot","Leon Goretzka","Wayward"
"994","116, 37","Shot","Mats Hummels","Saved"
"995","105, 60","Shot","Mesut Özil","Blocked"
"996","99, 53","Shot","Heung-Min Son","Off T"
"997","89, 38","Shot","Woo-Young Jung","Saved"
"998","111, 39","Shot","Leon Goretzka","Saved"
"999","85, 38","Shot","Toni Kroos","Off T"
"1000","108, 37","Shot","Timo Werner","Off T"
"1001","119, 31","Shot","Heung-Min Son","Off T"
"1002","103, 56","Shot","Joshua Kimmich","Blocked"
"1003","94, 52","Shot","Sami Khedira","Blocked"
"1004","104, 31","Shot","Toni Kroos","Blocked"
"1005","96, 42","Shot","Heung-Min Son","Off T"
"1006","112, 28","Shot","Timo Werner","Off T"
"1007","113, 39","Shot","Mario Gómez García","Saved"
"1008","94, 39","Shot","Toni Kroos","Off T"
"1009","115, 43","Shot","Mario Gómez García","Blocked"
"1010","102, 29","Shot","Heung-Min Son","Off T"
"1011","112, 44","Shot","Thomas Müller","Off T"
"1012","97, 54","Shot","Marco Reus","Off T"
"1013","109, 29","Shot","Julian Brandt","Blocked"
"1014","95, 33","Shot","Toni Kroos","Off T"
"1015","112, 39","Shot","Mats Hummels","Off T"
"1016","98, 41","Shot","Toni Kroos","Saved"
"1017","86, 39","Shot","Woo-Young Jung","Saved"
"1018","98, 42","Shot","Jae-Sung Lee","Blocked"
"1019","115, 42","Shot","Young-Gwon Kim","Goal"
"1020","108, 36","Shot","Thomas Müller","Wayward"
"1021","115, 47","Shot","Mats Hummels","Off T"
"1022","116, 32","Shot","Heung-Min Son","Goal"
"1023","99, 35","Shot","Thomas Müller","Blocked"
"1024","102, 49","Shot","Julian Brandt","Saved"
"1025","106, 35","Shot","Mats Hummels","Blocked"
"1026","113, 39","Shot","Mats Hummels","Off T"
"1027","111, 49","Shot","Mario Gavranović","Blocked"
"1028","99, 54","Shot","Joel Nathaniel Campbell Samuels","Saved"
"1029","111, 40","Shot","Celso Borges Mora","Saved"
"1030","98, 50","Shot","Cristian Gamboa Luna","Saved"
"1031","98, 31","Shot","Daniel Colindres Solera","Off T"
"1032","103, 18","Shot","Daniel Colindres Solera","Post"
"1033","97, 37","Shot","Mario Gavranović","Off T"
"1034","104, 18","Shot","Bryan Oviedo","Saved"
"1035","109, 29","Shot","Daniel Colindres Solera","Blocked"
"1036","113, 43","Shot","Blerim Džemaili","Goal"
"1037","105, 42","Shot","Blerim Džemaili","Blocked"
"1038","91, 51","Shot","Stephan Lichtsteiner","Blocked"
"1039","116, 51","Shot","Blerim Džemaili","Wayward"
"1040","87, 40","Shot","Valon Behrami","Wayward"
"1041","108, 36","Shot","Joel Nathaniel Campbell Samuels","Off T"
"1042","91, 21","Shot","Ricardo Iván Rodríguez Araya","Off T"
"1043","111, 39","Shot","Breel-Donald Embolo","Wayward"
"1044","119, 53","Shot","Breel-Donald Embolo","Saved"
"1045","97, 28","Shot","David Alberto Guzmán Pérez","Blocked"
"1046","109, 29","Shot","Bryan Oviedo","Off T"
"1047","115, 42","Shot","Kendall Jamaal Waston Manley","Goal"
"1048","87, 31","Shot","Celso Borges Mora","Off T"
"1049","96, 32","Shot","Josip Drmic","Blocked"
"1050","112, 41","Shot","Josip Drmic","Post"
"1051","104, 57","Shot","Celso Borges Mora","Saved"
"1052","106, 34","Shot","Josip Drmic","Goal"
"1053","109, 41","Shot","Bryan Ruiz González","Post"
"1054","101, 40","Shot","Ferjani Sassi","Blocked"
"1055","104, 33","Shot","Naïm Sliti","Wayward"
"1056","78, 22","Shot","Ricardo Guardia Avila","Off T"
"1057","95, 42","Shot","Naïm Sliti","Off T"
"1058","113, 32","Shot","Gabriel Arturo Torres Tejada","Wayward"
"1059","104, 27","Shot","Fakhreddine Ben Youssef","Blocked"
"1060","102, 48","Shot","Naïm Sliti","Saved"
"1061","90, 20","Shot","Luis Carlos Ovalle Victoria","Saved"
"1062","108, 30","Shot","Román Aureliano Torres Morcillo","Blocked"
"1063","94, 34","Shot","José Luis Rodríguez Francis","Blocked"
"1064","116, 38","Shot","Fakhreddine Ben Youssef","Off T"
"1065","109, 54","Shot","Wahbi Khazri","Off T"
"1066","105, 54","Shot","Wahbi Khazri","Blocked"
"1067","109, 54","Shot","Wahbi Khazri","Saved"
"1068","114, 40","Shot","Fakhreddine Ben Youssef","Goal"
"1069","109, 47","Shot","Fakhreddine Ben Youssef","Saved"
"1070","113, 50","Shot","Hamdi Nagguez","Wayward"
"1071","103, 51","Shot","Ghilane Chalali","Wayward"
"1072","104, 56","Shot","Wahbi Khazri","Saved"
"1073","104, 42","Shot","Edgar Yoel Bárcenas Herrera","Saved"
"1074","117, 43","Shot","Wahbi Khazri","Goal"
"1075","108, 31","Shot","José Luis Rodríguez Francis","Saved"
"1076","104, 31","Shot","Aníbal Cesis Godoy","Off T"
"1077","94, 50","Shot","Edgar Yoel Bárcenas Herrera","Saved"
"1078","93, 52","Shot","Youri Tielemans","Saved"
"1079","117, 40","Shot","Michy Batshuayi Tunga","Blocked"
"1080","91, 20","Shot","Marcus Rashford","Blocked"
"1081","112, 42","Shot","Jamie Vardy","Off T"
"1082","109, 55","Shot","Michy Batshuayi Tunga","Blocked"
"1083","107, 33","Shot","Marouane Fellaini-Bakkioui","Blocked"
"1084","91, 49","Shot","Youri Tielemans","Blocked"
"1085","113, 40","Shot","Ruben Loftus-Cheek","Off T"
"1086","90, 41","Shot","Adnan Januzaj","Blocked"
"1087","111, 43","Shot","Anga Dedryck Boyata","Wayward"
"1088","109, 35","Shot","Jamie Vardy","Wayward"
"1089","99, 34","Shot","Thorgan Hazard","Off T"
"1090","108, 27","Shot","Thorgan Hazard","Wayward"
"1091","107, 27","Shot","Marcus Rashford","Off T"
"1092","105, 53","Shot","Adnan Januzaj","Goal"
"1093","93, 42","Shot","Trent Alexander-Arnold","Blocked"
"1094","107, 54","Shot","Adnan Januzaj","Blocked"
"1095","104, 33","Shot","Marcus Rashford","Saved"
"1096","86, 50","Shot","Fabian Delph","Off T"
"1097","99, 33","Shot","Fabian Delph","Blocked"
"1098","92, 55","Shot","Marcus Rashford","Off T"
"1099","106, 31","Shot","Daniel Nii Tackie Mensah Welbeck","Blocked"
"1100","116, 30","Shot","Daniel Nii Tackie Mensah Welbeck","Off T"
"1101","99, 49","Shot","Dries Mertens","Saved"
"1102","110, 26","Shot","Thorgan Hazard","Blocked"
"1103","113, 29","Shot","Marouane Fellaini-Bakkioui","Off T"
"1104","96, 26","Shot","M""Baye Babacar Niang","Off T"
"1105","96, 53","Shot","Juan Fernando Quintero Paniagua","Saved"
"1106","107, 23","Shot","Keita Baldé Diao","Saved"
"1107","104, 59","Shot","Ismaïla Sarr","Saved"
"1108","90, 41","Shot","Salif Sané","Off T"
"1109","95, 51","Shot","Sadio Mané","Off T"
"1110","105, 49","Shot","Luis Fernando Muriel Fruto","Blocked"
"1111","114, 43","Shot","Radamel Falcao García Zárate","Off T"
"1112","114, 47","Shot","Yerry Fernando Mina González","Goal"
"1113","113, 52","Shot","M""Baye Babacar Niang","Saved"
"1114","108, 51","Shot","Ismaïla Sarr","Off T"
"1115","113, 38","Shot","Shinji Okazaki","Off T"
"1116","100, 28","Shot","Yoshinori Muto","Saved"
"1117","98, 32","Shot","Robert Lewandowski","Blocked"
"1118","97, 43","Shot","Gotoku Sakai","Saved"
"1119","93, 38","Shot","Rafał Kurzawa","Blocked"
"1120","108, 39","Shot","Kamil Grosicki","Saved"
"1121","85, 48","Shot","Jacek Góralski","Off T"
"1122","114, 58","Shot","Takashi Usami","Saved"
"1123","104, 50","Shot","Rafał Kurzawa","Off T"
"1124","109, 38","Shot","Tomoaki Makino","Wayward"
"1125","97, 32","Shot","Takashi Usami","Blocked"
"1126","113, 41","Shot","Yoshinori Muto","Wayward"
"1127","118, 34","Shot","Tomoaki Makino","Off T"
"1128","114, 46","Shot","Jan Bednarek","Goal"
"1129","104, 35","Shot","Takashi Usami","Blocked"
"1130","96, 47","Shot","Piotr Zieliński","Blocked"
"1131","106, 35","Shot","Kamil Grosicki","Off T"
"1132","107, 16","Shot","Takashi Inui","Off T"
"1133","113, 39","Shot","Maya Yoshida","Off T"
"1134","109, 43","Shot","Robert Lewandowski","Off T"
"1135","109, 41","Shot","Kamil Glik","Off T"
"1136","110, 40","Shot","Artur Jędrzejczyk","Blocked"
"1137","109, 41","Shot","Cristiano Ronaldo dos Santos Aveiro","Goal"
"1138","106, 38","Shot","David Josué Jiménez Silva","Off T"
"1139","96, 53","Shot","Gonçalo Manuel Ganchinho Guedes","Blocked"
"1140","99, 63","Shot","Cristiano Ronaldo dos Santos Aveiro","Blocked"
"1141","113, 31","Shot","David Josué Jiménez Silva","Blocked"
"1142","105, 45","Shot","Diego da Silva Costa","Goal"
"1143","103, 20","Shot","Francisco Román Alarcón Suárez","Post"
"1144","100, 54","Shot","David Josué Jiménez Silva","Blocked"
"1145","110, 29","Shot","Andrés Iniesta Luján","Off T"
"1146","111, 40","Shot","Sergio Busquets i Burgos","Off T"
"1147","101, 55","Shot","Francisco Román Alarcón Suárez","Saved"
"1148","101, 36","Shot","Cristiano Ronaldo dos Santos Aveiro","Goal"
"1149","87, 35","Shot","Bruno Miguel Borges Fernandes","Off T"
"1150","118, 41","Shot","Diego da Silva Costa","Goal"
"1151","99, 52","Shot","José Ignacio Fernández Iglesias","Goal"
"1152","110, 35","Shot","Diego da Silva Costa","Off T"
"1153","116, 34","Shot","Kléper Laveran Lima Ferreira","Wayward"
"1154","107, 64","Shot","Ricardo Andrade Quaresma Bernardo","Off T"
"1155","100, 48","Shot","Iago Aspas Juncal","Saved"
"1156","96, 44","Shot","Cristiano Ronaldo dos Santos Aveiro","Goal"
"1157","108, 31","Shot","Ricardo Andrade Quaresma Bernardo","Blocked"
"1158","113, 44","Shot","Cristiano Ronaldo dos Santos Aveiro","Off T"
"1159","103, 30","Shot","Amine Harit","Off T"
"1160","115, 52","Shot","Younès Belhanda","Off T"
"1161","102, 42","Shot","Ayoub El Kaabi","Off T"
"1162","111, 27","Shot","Hakim Ziyech","Blocked"
"1163","113, 46","Shot","Younès Belhanda","Blocked"
"1164","110, 44","Shot","Medhi Amine El Mouttaqi Benatia","Saved"
"1165","113, 34","Shot","Sardar Azmoun","Wayward"
"1166","104, 23","Shot","Achraf Hakimi Mouh","Blocked"
"1167","92, 41","Shot","Younès Belhanda","Blocked"
"1168","110, 24","Shot","Amine Harit","Saved"
"1169","114, 53","Shot","Roozbeh Cheshmi","Off T"
"1170","84, 47","Shot","Alireza Jahanbakhsh","Off T"
"1171","98, 52","Shot","Omid Ebrahimi","Blocked"
"1172","109, 51","Shot","Sardar Azmoun","Saved"
"1173","108, 52","Shot","Alireza Jahanbakhsh","Saved"
"1174","98, 35","Shot","Ehsan Hajsafi","Blocked"
"1175","82, 42","Shot","Ehsan Hajsafi","Off T"
"1176","112, 30","Shot","Amine Harit","Wayward"
"1177","99, 34","Shot","Hakim Ziyech","Saved"
"1178","114, 41","Shot","Romain Saïss","Off T"
"1179","97, 50","Shot","Hakim Ziyech","Blocked"
"1180","82, 51","Shot","Manuel Marouan da Costa Trinidade","Wayward"
"1181","97, 32","Shot","Edinson Roberto Cavani Gómez","Saved"
"1182","108, 51","Shot","Mahmoud Ibrahim Hassan","Saved"
"1183","109, 55","Shot","Luis Alberto Suárez Díaz","Off T"
"1184","102, 23","Shot","Edinson Roberto Cavani Gómez","Blocked"
"1185","114, 48","Shot","José Martín Cáceres Silva","Wayward"
"1186","116, 35","Shot","Luis Alberto Suárez Díaz","Off T"
"1187","100, 51","Shot","Marwan Mohsen","Saved"
"1188","83, 53","Shot","Matías Vecino Falero","Off T"
"1189","88, 38","Shot","Luis Alberto Suárez Díaz","Blocked"
"1190","105, 48","Shot","Abdalla Mahmoud El Said Bekhit","Wayward"
"1191","88, 37","Shot","Tarek Hamed","Blocked"
"1192","114, 48","Shot","Luis Alberto Suárez Díaz","Saved"
"1193","92, 19","Shot","Mahmoud Ibrahim Hassan","Off T"
"1194","94, 50","Shot","Carlos Andrés Sánchez Arcosa","Blocked"
"1195","108, 49","Shot","Edinson Roberto Cavani Gómez","Blocked"
"1196","98, 62","Shot","Ahmed Fathy Abdel Meneim Ibrahim","Saved"
"1197","105, 52","Shot","Mohamed Naser Elsayed Elneny","Blocked"
"1198","99, 34","Shot","Edinson Roberto Cavani Gómez","Saved"
"1199","112, 44","Shot","José María Giménez de Vargas","Off T"
"1200","112, 36","Shot","José María Giménez de Vargas","Blocked"
"1201","98, 21","Shot","Edinson Roberto Cavani Gómez","Post"
"1202","110, 38","Shot","José Martín Cáceres Silva","Blocked"
"1203","113, 37","Shot","José María Giménez de Vargas","Goal"
"1204","104, 56","Shot","Mohamed Naser Elsayed Elneny","Blocked"
"1205","115, 50","Shot","Bernardo Mota Veiga de Carvalho e Silva","Off T"
"1206","97, 50","Shot","Cristiano Ronaldo dos Santos Aveiro","Saved"
"1207","114, 46","Shot","Edinson Roberto Cavani Gómez","Goal"
"1208","115, 34","Shot","José Miguel da Rocha Fonte","Off T"
"1209","95, 20","Shot","Cristiano Ronaldo dos Santos Aveiro","Blocked"
"1210","110, 57","Shot","Luis Alberto Suárez Díaz","Blocked"
"1211","97, 47","Shot","Gonçalo Manuel Ganchinho Guedes","Blocked"
"1212","92, 38","Shot","William Silva de Carvalho","Blocked"
"1213","91, 41","Shot","Luis Alberto Suárez Díaz","Saved"
"1214","101, 62","Shot","Luis Alberto Suárez Díaz","Off T"
"1215","95, 33","Shot","Cristiano Ronaldo dos Santos Aveiro","Blocked"
"1216","111, 37","Shot","Matías Vecino Falero","Wayward"
"1217","110, 46","Shot","Gonçalo Manuel Ganchinho Guedes","Wayward"
"1218","113, 25","Shot","Edinson Roberto Cavani Gómez","Off T"
"1219","96, 27","Shot","Raphaël Adelino José Guerreiro","Off T"
"1220","100, 44","Shot","Adrien Sebastian Perruchet Silva","Blocked"
"1221","112, 43","Shot","Kléper Laveran Lima Ferreira","Goal"
"1222","96, 26","Shot","Gonçalo Manuel Ganchinho Guedes","Blocked"
"1223","103, 26","Shot","Edinson Roberto Cavani Gómez","Goal"
"1224","103, 40","Shot","Bernardo Mota Veiga de Carvalho e Silva","Off T"
"1225","96, 24","Shot","Cristiano Ronaldo dos Santos Aveiro","Blocked"
"1226","100, 23","Shot","Raphaël Adelino José Guerreiro","Off T"
"1227","87, 30","Shot","Cristiano Ronaldo dos Santos Aveiro","Blocked"
"1228","93, 52","Shot","Manuel Henrique Tavares Fernandes","Saved"
"1229","90, 19","Shot","Manuel Henrique Tavares Fernandes","Off T"
"1230","91, 22","Shot","Cristiano Ronaldo dos Santos Aveiro","Off T"
"1231","110, 54","Shot","Ricardo Andrade Quaresma Bernardo","Saved"
"1232","109, 39","Shot","Rui Pedro dos Santos Patrício","Wayward"
"1233","95, 50","Shot","Antoine Griezmann","Post"
"1234","108, 40","Shot","Antoine Griezmann","Goal"
"1235","102, 33","Shot","Paul Pogba","Off T"
"1236","96, 27","Shot","Éver Maximiliano David Banega","Blocked"
"1237","90, 38","Shot","Ángel Fabián Di María Hernández","Goal"
"1238","104, 56","Shot","Lionel Andrés Messi Cuccittini","Blocked"
"1239","111, 42","Shot","Gabriel Iván Mercado","Goal"
"1240","116, 45","Shot","Antoine Griezmann","Off T"
"1241","100, 56","Shot","Benjamin Pavard","Goal"
"1242","108, 35","Shot","Blaise Matuidi","Blocked"
"1243","112, 30","Shot","Kylian Mbappé Lottin","Goal"
"1244","95, 24","Shot","Lionel Andrés Messi Cuccittini","Blocked"
"1245","96, 22","Shot","Lionel Andrés Messi Cuccittini","Blocked"
"1246","107, 51","Shot","Kylian Mbappé Lottin","Goal"
"1247","108, 27","Shot","Olivier Giroud","Off T"
"1248","114, 36","Shot","Nicolás Hernán Otamendi","Wayward"
"1249","107, 49","Shot","Lionel Andrés Messi Cuccittini","Saved"
"1250","106, 48","Shot","Sergio Leonel Agüero del Castillo","Blocked"
"1251","114, 55","Shot","Ángel Fabián Di María Hernández","Blocked"
"1252","112, 37","Shot","Sergio Leonel Agüero del Castillo","Goal"
"1253","113, 38","Shot","Ángel Fabián Di María Hernández","Wayward"
"1254","115, 34","Shot","Mathias Jattah-Njie Jørgensen","Goal"
"1255","112, 36","Shot","Mario Mandžukić","Goal"
"1256","101, 55","Shot","Ivan Perišić","Blocked"
"1257","103, 24","Shot","Ivan Perišić","Blocked"
"1258","96, 37","Shot","Christian Dannemann Eriksen","Blocked"
"1259","111, 50","Shot","Martin Braithwaite Christensen","Saved"
"1260","94, 32","Shot","Ivan Rakitić","Saved"
"1261","110, 32","Shot","Ivan Perišić","Wayward"
"1262","111, 34","Shot","Ivan Perišić","Off T"
"1263","97, 30","Shot","Ante Rebić","Blocked"
"1264","96, 57","Shot","Christian Dannemann Eriksen","Off T"
"1265","115, 39","Shot","Dejan Lovren","Off T"
"1266","104, 31","Shot","Ivan Rakitić","Saved"
"1267","98, 62","Shot","Ivan Perišić","Off T"
"1268","115, 52","Shot","Martin Braithwaite Christensen","Off T"
"1269","108, 21","Shot","Ivan Perišić","Blocked"
"1270","102, 26","Shot","Ante Rebić","Blocked"
"1271","107, 50","Shot","Nicolai Jørgensen","Saved"
"1272","101, 30","Shot","Christian Dannemann Eriksen","Off T"
"1273","96, 51","Shot","Luka Modrić","Off T"
"1274","97, 58","Shot","Ante Rebić","Saved"
"1275","113, 31","Shot","Ivan Perišić","Off T"
"1276","98, 30","Shot","Josip Pivarić","Blocked"
"1277","97, 50","Shot","Lasse Schöne","Off T"
"1278","88, 40","Shot","Ivan Rakitić","Off T"
"1279","100, 50","Shot","Martin Braithwaite Christensen","Off T"
"1280","78, 47","Shot","Thomas Delaney","Blocked"
"1281","95, 45","Shot","Lasse Schöne","Blocked"
"1282","95, 47","Shot","Lasse Schöne","Off T"
"1283","98, 30","Shot","Mateo Kovačić","Blocked"
"1284","106, 20","Shot","Pione Sisto Ifolo Emirmija","Off T"
"1285","112, 27","Shot","Nicolai Jørgensen","Off T"
"1286","109, 41","Shot","Luka Modrić","Saved"
"1287","97, 33","Shot","Luka Modrić","Saved"
"1288","98, 28","Shot","Andrej Kramarić","Off T"
"1289","108, 40","Shot","Christian Dannemann Eriksen","Saved"
"1290","108, 40","Shot","Milan Badelj","Saved"
"1291","108, 40","Shot","Simon Thorup Kjær","Goal"
"1292","108, 40","Shot","Andrej Kramarić","Goal"
"1293","108, 40","Shot","Michael Krohn-Dehli","Goal"
"1294","108, 40","Shot","Luka Modrić","Goal"
"1295","108, 40","Shot","Lasse Schöne","Saved"
"1296","108, 40","Shot","Josip Pivarić","Saved"
"1297","108, 40","Shot","Nicolai Jørgensen","Saved"
"1298","108, 40","Shot","Ivan Rakitić","Goal"
"1299","91, 21","Shot","Yuri Zhirkov","Blocked"
"1300","96, 52","Shot","Roman Zobnin","Off T"
"1301","104, 31","Shot","Aleksandr Golovin","Off T"
"1302","110, 33","Shot","Artem Dzyuba","Blocked"
"1303","108, 40","Shot","Artem Dzyuba","Goal"
"1304","100, 27","Shot","Francisco Román Alarcón Suárez","Blocked"
"1305","117, 51","Shot","Diego da Silva Costa","Saved"
"1306","113, 47","Shot","Diego da Silva Costa","Saved"
"1307","111, 47","Shot","Marco Asensio Willemsen","Wayward"
"1308","110, 34","Shot","Jordi Alba Ramos","Saved"
"1309","109, 34","Shot","Diego da Silva Costa","Off T"
"1310","97, 33","Shot","Sergio Busquets i Burgos","Wayward"
"1311","111, 46","Shot","David Josué Jiménez Silva","Off T"
"1312","109, 41","Shot","Sergio Busquets i Burgos","Blocked"
"1313","99, 34","Shot","Andrés Iniesta Luján","Saved"
"1314","115, 26","Shot","Iago Aspas Juncal","Saved"
"1315","112, 35","Shot","Gerard Piqué Bernabéu","Off T"
"1316","112, 42","Shot","Sergio Ramos García","Off T"
"1317","104, 24","Shot","Fyodor Smolov","Blocked"
"1318","112, 39","Shot","Denis Cheryshev","Off T"
"1319","95, 26","Shot","Jordi Alba Ramos","Blocked"
"1320","84, 40","Shot","Jorge Resurrección Merodio","Off T"
"1321","97, 32","Shot","Marco Asensio Willemsen","Saved"
"1322","106, 27","Shot","Iago Aspas Juncal","Blocked"
"1323","108, 40","Shot","Gerard Piqué Bernabéu","Saved"
"1324","99, 33","Shot","Andrés Iniesta Luján","Blocked"
"1325","114, 54","Shot","Rodrigo Moreno Machado","Saved"
"1326","108, 42","Shot","Daniel Carvajal Ramos","Blocked"
"1327","101, 44","Shot","Rodrigo Moreno Machado","Off T"
"1328","108, 59","Shot","Gerard Piqué Bernabéu","Blocked"
"1329","113, 45","Shot","Aleksandr Erokhin","Blocked"
"1330","99, 35","Shot","Rodrigo Moreno Machado","Saved"
"1331","109, 41","Shot","Andrés Iniesta Luján","Goal"
"1332","109, 41","Shot","Fyodor Smolov","Goal"
"1333","109, 41","Shot","Gerard Piqué Bernabéu","Goal"
"1334","109, 41","Shot","Sergei Ignashevich","Goal"
"1335","109, 41","Shot","Jorge Resurrección Merodio","Saved"
"1336","109, 41","Shot","Aleksandr Golovin","Goal"
"1337","109, 41","Shot","Sergio Ramos García","Goal"
"1338","109, 41","Shot","Denis Cheryshev","Goal"
"1339","109, 41","Shot","Iago Aspas Juncal","Saved"
"1340","111, 52","Shot","Hirving Rodrigo Lozano Bahena","Blocked"
"1341","96, 43","Shot","Neymar da Silva Santos Junior","Saved"
"1342","107, 43","Shot","Carlos Joel Salcedo Hernández","Wayward"
"1343","111, 58","Shot","Hirving Rodrigo Lozano Bahena","Blocked"
"1344","105, 41","Shot","Héctor Miguel Herrera López","Blocked"
"1345","116, 30","Shot","Neymar da Silva Santos Junior","Saved"
"1346","112, 48","Shot","Gabriel Fernando de Jesus","Blocked"
"1347","102, 30","Shot","Philippe Coutinho Correia","Off T"
"1348","101, 26","Shot","Carlos Alberto Vela Garrido","Off T"
"1349","111, 30","Shot","Gabriel Fernando de Jesus","Saved"
"1350","115, 32","Shot","Philippe Coutinho Correia","Wayward"
"1351","100, 31","Shot","Philippe Coutinho Correia","Blocked"
"1352","93, 31","Shot","Philippe Coutinho Correia","Blocked"
"1353","90, 27","Shot","Neymar da Silva Santos Junior","Off T"
"1354","102, 48","Shot","Gabriel Fernando de Jesus","Blocked"
"1355","107, 31","Shot","Philippe Coutinho Correia","Saved"
"1356","95, 33","Shot","Jesús Daniel Gallardo Vasconcelos","Off T"
"1357","119, 43","Shot","Neymar da Silva Santos Junior","Goal"
"1358","92, 33","Shot","José Andrés Guardado Hernández","Blocked"
"1359","97, 54","Shot","Miguel Arturo Layún Prado","Blocked"
"1360","99, 54","Shot","Neymar da Silva Santos Junior","Off T"
"1361","107, 43","Shot","José Paulo Bezzera Maciel Júnior","Saved"
"1362","91, 41","Shot","Hirving Rodrigo Lozano Bahena","Blocked"
"1363","100, 56","Shot","Carlos Alberto Vela Garrido","Saved"
"1364","106, 54","Shot","Willian Borges da Silva","Saved"
"1365","104, 40","Shot","Neymar da Silva Santos Junior","Off T"
"1366","93, 41","Shot","José Andrés Guardado Hernández","Blocked"
"1367","97, 55","Shot","Willian Borges da Silva","Saved"
"1368","109, 29","Shot","Hugo Ayala Castro","Wayward"
"1369","112, 33","Shot","Neymar da Silva Santos Junior","Saved"
"1370","119, 43","Shot","Roberto Firmino Barbosa de Oliveira","Goal"
"1371","111, 59","Shot","Hirving Rodrigo Lozano Bahena","Off T"
"1372","105, 52","Shot","Raúl Alonso Jiménez Rodríguez","Blocked"
"1373","98, 47","Shot","Shinji Kagawa","Off T"
"1374","74, 41","Shot","Gen Shōji","Off T"
"1375","95, 33","Shot","Axel Witsel","Blocked"
"1376","111, 51","Shot","Vincent Kompany","Wayward"
"1377","105, 40","Shot","Romelu Lukaku Menama","Blocked"
"1378","111, 48","Shot","Vincent Kompany","Wayward"
"1379","112, 50","Shot","Vincent Kompany","Off T"
"1380","101, 50","Shot","Romelu Lukaku Menama","Blocked"
"1381","114, 41","Shot","Romelu Lukaku Menama","Wayward"
"1382","102, 46","Shot","Kevin De Bruyne","Blocked"
"1383","102, 26","Shot","Eden Hazard","Saved"
"1384","118, 45","Shot","Vincent Kompany","Wayward"
"1385","110, 45","Shot","Takashi Inui","Saved"
"1386","103, 33","Shot","Eden Hazard","Blocked"
"1387","93, 49","Shot","Axel Witsel","Off T"
"1388","109, 24","Shot","Yuto Nagatomo","Blocked"
"1389","109, 54","Shot","Genki Haraguchi","Goal"
"1390","105, 47","Shot","Eden Hazard","Post"
"1391","110, 41","Shot","Eden Hazard","Wayward"
"1392","94, 33","Shot","Takashi Inui","Goal"
"1393","102, 26","Shot","Yannick Ferreira Carrasco","Off T"
"1394","107, 49","Shot","Gaku Shibasaki","Blocked"
"1395","115, 46","Shot","Romelu Lukaku Menama","Off T"
"1396","110, 48","Shot","Genki Haraguchi","Off T"
"1397","100, 54","Shot","Thomas Meunier","Off T"
"1398","112, 46","Shot","Romelu Lukaku Menama","Blocked"
"1399","116, 23","Shot","Jan Vertonghen","Goal"
"1400","102, 45","Shot","Kevin De Bruyne","Blocked"
"1401","114, 42","Shot","Marouane Fellaini-Bakkioui","Goal"
"1402","109, 30","Shot","Takashi Inui","Blocked"
"1403","113, 23","Shot","Yuto Nagatomo","Wayward"
"1404","114, 47","Shot","Romelu Lukaku Menama","Off T"
"1405","114, 57","Shot","Vincent Kompany","Wayward"
"1406","113, 30","Shot","Keisuke Honda","Blocked"
"1407","113, 35","Shot","Nacer Chadli","Saved"
"1408","114, 44","Shot","Romelu Lukaku Menama","Saved"
"1409","80, 42","Shot","Thomas Meunier","Off T"
"1410","96, 24","Shot","Jan Vertonghen","Saved"
"1411","79, 39","Shot","Keisuke Honda","Saved"
"1412","111, 37","Shot","Nacer Chadli","Goal"
"1413","115, 18","Shot","Ashley Young","Saved"
"1414","112, 54","Shot","Raheem Shaquille Sterling","Blocked"
"1415","98, 37","Shot","Raheem Shaquille Sterling","Blocked"
"1416","119, 36","Shot","Harry Kane","Off T"
"1417","97, 56","Shot","Juan Guillermo Cuadrado Bello","Blocked"
"1418","90, 18","Shot","Johan Andrés Mojica Palacio","Off T"
"1419","101, 46","Shot","Raheem Shaquille Sterling","Blocked"
"1420","92, 49","Shot","Juan Fernando Quintero Paniagua","Off T"
"1421","99, 31","Shot","Kieran Trippier","Off T"
"1422","94, 59","Shot","Harry Kane","Off T"
"1423","97, 52","Shot","Juan Fernando Quintero Paniagua","Saved"
"1424","108, 50","Shot","Jesse Lingard","Off T"
"1425","108, 40","Shot","Harry Kane","Goal"
"1426","78, 41","Shot","Juan Fernando Quintero Paniagua","Blocked"
"1427","117, 32","Shot","Bamidele Alli","Off T"
"1428","108, 45","Shot","Harry Maguire","Off T"
"1429","108, 52","Shot","Juan Guillermo Cuadrado Bello","Off T"
"1430","115, 31","Shot","Harry Maguire","Off T"
"1431","110, 46","Shot","Davinson Sánchez Mina","Wayward"
"1432","114, 45","Shot","Radamel Falcao García Zárate","Off T"
"1433","94, 47","Shot","Radamel Falcao García Zárate","Saved"
"1434","82, 41","Shot","Andrés Mateus Uribe Villa","Saved"
"1435","114, 41","Shot","Yerry Fernando Mina González","Goal"
"1436","109, 42","Shot","Carlos Arturo Bacca Ahumada","Blocked"
"1437","109, 42","Shot","Davinson Sánchez Mina","Off T"
"1438","108, 39","Shot","Radamel Falcao García Zárate","Off T"
"1439","98, 45","Shot","Jesse Lingard","Blocked"
"1440","112, 56","Shot","Jamie Vardy","Blocked"
"1441","113, 25","Shot","Danny Rose","Off T"
"1442","112, 44","Shot","Eric Dier","Off T"
"1443","111, 45","Shot","Harry Maguire","Wayward"
"1444","109, 41","Shot","Radamel Falcao García Zárate","Goal"
"1445","109, 41","Shot","Harry Kane","Goal"
"1446","109, 41","Shot","Juan Guillermo Cuadrado Bello","Goal"
"1447","109, 41","Shot","Marcus Rashford","Goal"
"1448","109, 41","Shot","Luis Fernando Muriel Fruto","Goal"
"1449","109, 41","Shot","Jordan Brian Henderson","Saved"
"1450","109, 41","Shot","Andrés Mateus Uribe Villa","Post"
"1451","109, 41","Shot","Kieran Trippier","Goal"
"1452","109, 41","Shot","Carlos Arturo Bacca Ahumada","Saved"
"1453","109, 41","Shot","Eric Dier","Goal"
"1454","89, 60","Shot","Xherdan Shaqiri","Off T"
"1455","103, 22","Shot","Steven Zuber","Saved"
"1456","108, 56","Shot","Marcus Berg","Off T"
"1457","104, 41","Shot","Marcus Berg","Blocked"
"1458","101, 41","Shot","Albin Ekdal","Off T"
"1459","93, 50","Shot","Mikael Lustig","Wayward"
"1460","112, 51","Shot","Steven Zuber","Off T"
"1461","108, 49","Shot","Marcus Berg","Saved"
"1462","81, 48","Shot","Granit Xhaka","Off T"
"1463","98, 60","Shot","Xherdan Shaqiri","Blocked"
"1464","104, 31","Shot","Blerim Džemaili","Off T"
"1465","90, 51","Shot","Emil Forsberg","Blocked"
"1466","113, 33","Shot","Albin Ekdal","Off T"
"1467","109, 47","Shot","Ola Toivonen","Off T"
"1468","93, 26","Shot","Ricardo Iván Rodríguez Araya","Blocked"
"1469","104, 16","Shot","Emil Forsberg","Blocked"
"1470","101, 42","Shot","Emil Forsberg","Goal"
"1471","93, 49","Shot","Albin Ekdal","Off T"
"1472","93, 21","Shot","Ricardo Iván Rodríguez Araya","Saved"
"1473","104, 58","Shot","Xherdan Shaqiri","Blocked"
"1474","88, 33","Shot","Granit Xhaka","Blocked"
"1475","95, 52","Shot","Xherdan Shaqiri","Blocked"
"1476","112, 53","Shot","Michael Lang","Blocked"
"1477","113, 36","Shot","Breel-Donald Embolo","Blocked"
"1478","100, 31","Shot","Ricardo Iván Rodríguez Araya","Blocked"
"1479","101, 38","Shot","Josip Drmic","Blocked"
"1480","112, 30","Shot","Haris Seferović","Saved"
"1481","102, 38","Shot","Ola Toivonen","Saved"
"1482","112, 56","Shot","Cristhian Ricardo Stuani Curbelo","Wayward"
"1483","91, 22","Shot","Lucas Hernández Pi","Blocked"
"1484","112, 48","Shot","Raphaël Varane","Off T"
"1485","96, 45","Shot","N""Golo Kanté","Blocked"
"1486","109, 32","Shot","José María Giménez de Vargas","Saved"
"1487","115, 48","Shot","Kylian Mbappé Lottin","Off T"
"1488","84, 45","Shot","Paul Pogba","Off T"
"1489","108, 50","Shot","Matías Vecino Falero","Saved"
"1490","109, 44","Shot","Raphaël Varane","Goal"
"1491","89, 30","Shot","Nahitan Michel Nández Acosta","Saved"
"1492","108, 38","Shot","José Martín Cáceres Silva","Saved"
"1493","118, 34","Shot","Diego Roberto Godín Leal","Off T"
"1494","86, 51","Shot","Benjamin Pavard","Off T"
"1495","101, 54","Shot","Rodrigo Bentancur Colmán","Off T"
"1496","104, 62","Shot","José Martín Cáceres Silva","Off T"
"1497","97, 21","Shot","Antoine Griezmann","Goal"
"1498","96, 34","Shot","Cristian Gabriel Rodríguez Barrotti","Blocked"
"1499","99, 35","Shot","Cristian Gabriel Rodríguez Barrotti","Off T"
"1500","99, 32","Shot","Corentin Tolisso","Off T"
"1501","102, 52","Shot","Olivier Giroud","Off T"
"1502","90, 44","Shot","Antoine Griezmann","Off T"
"1503","91, 51","Shot","Kevin De Bruyne","Off T"
"1504","115, 39","Shot","Thiago Emiliano da Silva","Post"
"1505","106, 31","Shot","Eden Hazard","Blocked"
"1506","92, 29","Shot","Nacer Chadli","Off T"
"1507","109, 46","Shot","José Paulo Bezzera Maciel Júnior","Blocked"
"1508","111, 37","Shot","José Paulo Bezzera Maciel Júnior","Wayward"
"1509","98, 38","Shot","Marouane Fellaini-Bakkioui","Blocked"
"1510","115, 37","Shot","Gabriel Fernando de Jesus","Blocked"
"1511","96, 33","Shot","Philippe Coutinho Correia","Saved"
"1512","99, 18","Shot","Marcelo Vieira da Silva Júnior","Saved"
"1513","103, 42","Shot","Fernando Luiz Rosa","Blocked"
"1514","96, 20","Shot","Neymar da Silva Santos Junior","Blocked"
"1515","102, 54","Shot","Kevin De Bruyne","Goal"
"1516","110, 45","Shot","Gabriel Fernando de Jesus","Off T"
"1517","98, 21","Shot","Philippe Coutinho Correia","Saved"
"1518","99, 20","Shot","Kevin De Bruyne","Saved"
"1519","115, 32","Shot","Vincent Kompany","Saved"
"1520","97, 27","Shot","Philippe Coutinho Correia","Blocked"
"1521","117, 51","Shot","José Paulo Bezzera Maciel Júnior","Saved"
"1522","108, 27","Shot","Eden Hazard","Off T"
"1523","112, 58","Shot","Douglas Costa de Souza","Saved"
"1524","98, 36","Shot","Philippe Coutinho Correia","Blocked"
"1525","91, 58","Shot","Douglas Costa de Souza","Blocked"
"1526","96, 56","Shot","Douglas Costa de Souza","Saved"
"1527","110, 58","Shot","Douglas Costa de Souza","Saved"
"1528","109, 45","Shot","Neymar da Silva Santos Junior","Blocked"
"1529","111, 42","Shot","Renato Soares de Oliveira Augusto","Goal"
"1530","111, 30","Shot","Roberto Firmino Barbosa de Oliveira","Off T"
"1531","102, 42","Shot","Renato Soares de Oliveira Augusto","Off T"
"1532","107, 33","Shot","Philippe Coutinho Correia","Off T"
"1533","96, 37","Shot","Philippe Coutinho Correia","Blocked"
"1534","98, 39","Shot","Neymar da Silva Santos Junior","Saved"
"1535","115, 42","Shot","Roberto Firmino Barbosa de Oliveira","Off T"
"1536","86, 43","Shot","Viktor Claesson","Off T"
"1537","97, 46","Shot","Harry Kane","Off T"
"1538","110, 44","Shot","Harry Maguire","Goal"
"1539","94, 58","Shot","Jordan Brian Henderson","Off T"
"1540","111, 51","Shot","Raheem Shaquille Sterling","Blocked"
"1541","113, 48","Shot","Marcus Berg","Saved"
"1542","97, 13","Shot","Emil Forsberg","Off T"
"1543","115, 32","Shot","Raheem Shaquille Sterling","Blocked"
"1544","95, 23","Shot","Jesse Lingard","Blocked"
"1545","98, 48","Shot","Jesse Lingard","Blocked"
"1546","116, 32","Shot","Bamidele Alli","Goal"
"1547","106, 43","Shot","Viktor Claesson","Saved"
"1548","113, 36","Shot","Viktor Claesson","Blocked"
"1549","105, 47","Shot","Ola Toivonen","Off T"
"1550","111, 30","Shot","Harry Maguire","Off T"
"1551","102, 29","Shot","Bamidele Alli","Blocked"
"1552","107, 20","Shot","Bamidele Alli","Blocked"
"1553","110, 42","Shot","Marcus Berg","Saved"
"1554","98, 43","Shot","Jesse Lingard","Blocked"
"1555","100, 50","Shot","Ludwig Augustinsson","Off T"
"1556","109, 56","Shot","Denis Cheryshev","Blocked"
"1557","110, 52","Shot","Artem Dzyuba","Blocked"
"1558","113, 42","Shot","Ante Rebić","Off T"
"1559","109, 43","Shot","Mario Mandžukić","Wayward"
"1560","98, 23","Shot","Ivan Rakitić","Off T"
"1561","109, 50","Shot","Ivan Perišić","Off T"
"1562","94, 34","Shot","Denis Cheryshev","Goal"
"1563","94, 30","Shot","Ante Rebić","Blocked"
"1564","115, 37","Shot","Ivan Perišić","Wayward"
"1565","118, 27","Shot","Sergei Ignashevich","Off T"
"1566","115, 29","Shot","Denis Cheryshev","Off T"
"1567","113, 38","Shot","Andrej Kramarić","Goal"
"1568","88, 53","Shot","Luka Modrić","Off T"
"1569","105, 40","Shot","Andrej Kramarić","Saved"
"1570","97, 20","Shot","Ante Rebić","Off T"
"1571","112, 44","Shot","Ivan Perišić","Post"
"1572","110, 40","Shot","Artem Dzyuba","Saved"
"1573","90, 31","Shot","Andrej Kramarić","Blocked"
"1574","113, 44","Shot","Aleksandr Erokhin","Off T"
"1575","105, 39","Shot","Luka Modrić","Blocked"
"1576","114, 57","Shot","Šime Vrsaljko","Blocked"
"1577","111, 39","Shot","Mario Mandžukić","Off T"
"1578","117, 64","Shot","Fyodor Smolov","Saved"
"1579","110, 40","Shot","Domagoj Vida","Goal"
"1580","115, 37","Shot","Ilya Kutepov","Wayward"
"1581","114, 35","Shot","Aleksandr Erokhin","Off T"
"1582","101, 20","Shot","Dejan Lovren","Saved"
"1583","103, 52","Shot","Daler Kuzyaev","Saved"
"1584","114, 41","Shot","Mário Figueira Fernandes","Goal"
"1585","99, 20","Shot","Luka Modrić","Off T"
"1586","94, 32","Shot","Roman Zobnin","Saved"
"1587","109, 41","Shot","Fyodor Smolov","Saved"
"1588","109, 41","Shot","Marcelo Brozović","Goal"
"1589","109, 41","Shot","Alan Dzagoev","Goal"
"1590","109, 41","Shot","Mateo Kovačić","Saved"
"1591","109, 41","Shot","Mário Figueira Fernandes","Off T"
"1592","109, 41","Shot","Luka Modrić","Goal"
"1593","109, 41","Shot","Sergei Ignashevich","Goal"
"1594","109, 41","Shot","Domagoj Vida","Goal"
"1595","109, 41","Shot","Daler Kuzyaev","Goal"
"1596","109, 41","Shot","Ivan Rakitić","Goal"
"1597","109, 23","Shot","Eden Hazard","Off T"
"1598","92, 38","Shot","Blaise Matuidi","Saved"
"1599","107, 21","Shot","Eden Hazard","Blocked"
"1600","105, 41","Shot","Toby Alderweireld","Saved"
"1601","103, 48","Shot","Olivier Giroud","Off T"
"1602","108, 44","Shot","Olivier Giroud","Off T"
"1603","107, 32","Shot","Olivier Giroud","Wayward"
"1604","98, 30","Shot","Antoine Griezmann","Off T"
"1605","109, 36","Shot","Olivier Giroud","Off T"
"1606","91, 32","Shot","Antoine Griezmann","Off T"
"1607","96, 50","Shot","Antoine Griezmann","Blocked"
"1608","114, 53","Shot","Benjamin Pavard","Saved"
"1609","105, 30","Shot","Blaise Matuidi","Wayward"
"1610","96, 57","Shot","Antoine Griezmann","Blocked"
"1611","111, 40","Shot","Romelu Lukaku Menama","Off T"
"1612","107, 31","Shot","Olivier Giroud","Blocked"
"1613","118, 47","Shot","Samuel Yves Umtiti","Goal"
"1614","99, 30","Shot","Blaise Matuidi","Blocked"
"1615","112, 34","Shot","Olivier Giroud","Blocked"
"1616","93, 60","Shot","Toby Alderweireld","Off T"
"1617","107, 38","Shot","Kevin De Bruyne","Wayward"
"1618","108, 40","Shot","Marouane Fellaini-Bakkioui","Off T"
"1619","100, 32","Shot","Olivier Giroud","Off T"
"1620","95, 34","Shot","Kevin De Bruyne","Off T"
"1621","108, 42","Shot","Paul Pogba","Off T"
"1622","91, 27","Shot","Axel Witsel","Saved"
"1623","103, 46","Shot","Antoine Griezmann","Saved"
"1624","107, 31","Shot","Corentin Tolisso","Saved"
"1625","96, 43","Shot","Kieran Trippier","Goal"
"1626","111, 37","Shot","Harry Maguire","Off T"
"1627","94, 20","Shot","Ivan Perišić","Off T"
"1628","98, 41","Shot","Ante Rebić","Blocked"
"1629","87, 26","Shot","Ivan Perišić","Off T"
"1630","101, 50","Shot","Ante Rebić","Saved"
"1631","102, 41","Shot","Jesse Lingard","Off T"
"1632","104, 52","Shot","Raheem Shaquille Sterling","Blocked"
"1633","88, 51","Shot","Šime Vrsaljko","Off T"
"1634","96, 45","Shot","Jesse Lingard","Blocked"
"1635","97, 34","Shot","Ivan Rakitić","Off T"
"1636","103, 41","Shot","Ivan Perišić","Blocked"
"1637","118, 56","Shot","Harry Kane","Off T"
"1638","114, 40","Shot","Ivan Perišić","Goal"
"1639","112, 30","Shot","Ivan Perišić","Post"
"1640","111, 44","Shot","Ante Rebić","Saved"
"1641","98, 48","Shot","Marcelo Brozović","Off T"
"1642","115, 55","Shot","Jesse Lingard","Wayward"
"1643","95, 45","Shot","Jordan Brian Henderson","Off T"
"1644","113, 52","Shot","Mario Mandžukić","Saved"
"1645","113, 24","Shot","Ivan Perišić","Off T"
"1646","89, 57","Shot","Dejan Lovren","Off T"
"1647","113, 33","Shot","Harry Kane","Off T"
"1648","92, 51","Shot","Eric Dier","Blocked"
"1649","113, 49","Shot","John Stones","Blocked"
"1650","106, 58","Shot","Andrej Kramarić","Blocked"
"1651","101, 34","Shot","Andrej Kramarić","Blocked"
"1652","114, 39","Shot","Mario Mandžukić","Saved"
"1653","111, 27","Shot","Marcelo Brozović","Off T"
"1654","114, 33","Shot","Mario Mandžukić","Goal"
"1655","107, 32","Shot","Ivan Perišić","Blocked"
"1656","97, 22","Shot","Marcelo Brozović","Saved"
"1657","109, 52","Shot","Andrej Kramarić","Off T"
"1658","113, 41","Shot","Thomas Meunier","Goal"
"1659","100, 53","Shot","Raheem Shaquille Sterling","Blocked"
"1660","108, 29","Shot","Kevin De Bruyne","Saved"
"1661","91, 31","Shot","Fabian Delph","Saved"
"1662","108, 45","Shot","Ruben Loftus-Cheek","Saved"
"1663","108, 37","Shot","Harry Maguire","Saved"
"1664","104, 41","Shot","Harry Kane","Off T"
"1665","97, 29","Shot","Raheem Shaquille Sterling","Off T"
"1666","97, 40","Shot","Youri Tielemans","Blocked"
"1667","106, 51","Shot","Eden Hazard","Blocked"
"1668","96, 43","Shot","Youri Tielemans","Wayward"
"1669","110, 34","Shot","Toby Alderweireld","Off T"
"1670","104, 52","Shot","Kevin De Bruyne","Blocked"
"1671","104, 30","Shot","Romelu Lukaku Menama","Blocked"
"1672","109, 54","Shot","Jesse Lingard","Off T"
"1673","107, 58","Shot","Jesse Lingard","Blocked"
"1674","100, 48","Shot","Harry Kane","Wayward"
"1675","94, 50","Shot","Eric Dier","Saved"
"1676","112, 50","Shot","Eric Dier","Blocked"
"1677","110, 40","Shot","Harry Maguire","Off T"
"1678","109, 43","Shot","Eric Dier","Off T"
"1679","111, 33","Shot","Harry Maguire","Off T"
"1680","104, 30","Shot","Dries Mertens","Off T"
"1681","109, 55","Shot","Thomas Meunier","Saved"
"1682","99, 23","Shot","Marcus Rashford","Saved"
"1683","112, 35","Shot","Eden Hazard","Goal"
"1684","112, 49","Shot","Domagoj Vida","Off T"
"1685","108, 29","Shot","Ivan Rakitić","Off T"
"1686","105, 32","Shot","Ivan Perišić","Goal"
"1687","108, 40","Shot","Antoine Griezmann","Goal"
"1688","108, 41","Shot","Ante Rebić","Wayward"
"1689","117, 34","Shot","Ivan Perišić","Blocked"
"1690","113, 26","Shot","Dejan Lovren","Blocked"
"1691","115, 40","Shot","Domagoj Vida","Off T"
"1692","95, 45","Shot","Antoine Griezmann","Saved"
"1693","108, 26","Shot","Ante Rebić","Saved"
"1694","110, 33","Shot","Dejan Lovren","Wayward"
"1695","91, 48","Shot","Šime Vrsaljko","Off T"
"1696","115, 55","Shot","Kylian Mbappé Lottin","Saved"
"1697","99, 41","Shot","Paul Pogba","Blocked"
"1698","102, 39","Shot","Paul Pogba","Goal"
"1699","112, 29","Shot","Olivier Giroud","Wayward"
"1700","96, 29","Shot","Ante Rebić","Blocked"
"1701","94, 40","Shot","Kylian Mbappé Lottin","Goal"
"1702","114, 43","Shot","Mario Mandžukić","Goal"
"1703","78, 40","Shot","Šime Vrsaljko","Off T"
"1704","101, 30","Shot","Ivan Rakitić","Blocked"
"1705","98, 61","Shot","Nabil Fekir","Saved"
"1706","90, 24","Shot","Ivan Rakitić","Off T"
